5.074084554211071740e+00,1.942945414061852727e+00
5.111562150375681846e+00,2.006643904571844939e+00
5.004001376298591097e+00,1.934250225741583895e+00
4.881744746430452864e+00,1.915014845834103197e+00
4.916621439554195838e+00,2.016894696575090240e+00
4.894918846045082539e+00,1.927058772189695013e+00
4.939156516750305315e+00,2.035651821013603868e+00
5.027985288134154018e+00,1.951391200931988035e+00
4.939541410478836880e+00,1.974156274333445094e+00
4.897412991270765126e+00,1.991925659888972078e+00
4.705978466015591444e+00,2.034182473915124412e+00
4.786586641760736782e+00,1.958933924546021998e+00
4.156008543942083300e+00,2.155827094839888325e+00
4.345666567407914016e+00,2.178704569680838254e+00
4.253315773304948699e+00,2.092752653063082224e+00
4.434860283238480250e+00,2.180159336414588367e+00
4.385640627476928621e+00,2.064591367404356781e+00
4.513028771559028485e+00,2.069958568643609276e+00
4.528967914341164303e+00,2.047978092257448424e+00
4.549507891322062569e+00,2.098562049202024049e+00
4.635051151746543141e+00,2.149714886559562110e+00
5.135119433282413937e+00,2.100655796891000016e+00
5.217688330352960868e+00,2.086916575319865963e+00
5.368440254752115059e+00,2.235807872940669405e+00
5.280769810829664124e+00,2.179248927060840391e+00
5.337837501441553556e+00,2.270005177294442955e+00
5.798462728900283025e+00,2.105295610050593069e+00
5.791055810318571417e+00,2.275808630382205155e+00
5.285815264338374675e+00,2.304767743056908458e+00
5.320854942371920693e+00,2.392082314668075860e+00
5.265489559259024510e+00,2.291748536781340384e+00
4.271050727910822076e+00,2.334326343221992062e+00
4.324553103289087375e+00,2.254654911470920009e+00
4.101144565994633950e+00,2.306261655905556207e+00
4.139661179915460565e+00,2.247037748699310722e+00
4.125897794876495439e+00,2.331630496358124027e+00
4.032946847986873529e+00,2.305034082805691220e+00
4.055059518714664080e+00,2.317273617445189338e+00
4.121524254880042371e+00,2.250562934758977729e+00
3.996142914356799025e+00,2.307908316056433318e+00
4.017801983836546853e+00,2.301729400178581297e+00
3.882928278131669853e+00,2.383740268672807083e+00
3.318124296317538136e+00,2.552095079152893131e+00
3.809780362180189783e+00,2.450194793209877098e+00
3.642913190457456096e+00,2.439865318726790910e+00
3.781381562462243995e+00,2.532928735364154083e+00
3.653960508886981984e+00,2.403982530370431192e+00
3.643611993731348697e+00,2.493175544573022595e+00
3.703652950662167154e+00,2.427219823596808990e+00
3.942912112547653614e+00,2.394893167377560861e+00
4.221750593602181745e+00,2.547277848270464329e+00
5.356480422755455884e+00,2.562980070901065943e+00
5.354623888476124804e+00,2.559880660148723841e+00
5.350549551196594145e+00,2.591816841277403860e+00
5.367687987265406413e+00,2.619843224717552044e+00
5.294401022205348362e+00,2.552248148341936140e+00
5.356084063544182428e+00,2.847543125580370482e+00
5.277686326782515813e+00,2.706701883622380844e+00
5.330260075930528529e+00,2.757218255187694922e+00
3.088187791077990241e+00,2.715786796332575470e+00
3.068490177989828371e+00,2.666829917444373255e+00
2.588741084808930282e+00,2.875013160703637993e+00
2.603248770728588291e+00,2.885271146115505836e+00
2.734439073622081384e+00,2.881885931223574726e+00
2.752095974672342127e+00,2.830247429256616876e+00
2.737771558329102017e+00,2.782882199635416942e+00
2.736935873647010187e+00,2.812368125783569095e+00
2.978794951416785075e+00,2.777284816387497024e+00
2.882440964032673136e+00,2.881237759088980166e+00
2.945034712877656169e+00,2.899856680784456131e+00
2.895537853779242887e+00,2.760421147003022657e+00
2.868217281650010442e+00,2.769469157204826892e+00
2.889651505971350343e+00,2.783201471137044969e+00
2.883960493069822384e+00,2.822039613478644515e+00
2.860706049977033150e+00,2.840962052735887422e+00
5.318807237390809739e+00,2.954959738068826613e+00
5.322505460510805975e+00,2.985392901471413118e+00
5.320962217577067221e+00,3.210618108333950005e+00
5.247123252872120780e+00,3.093159268039280541e+00
5.303816350346412634e+00,3.121293948432208420e+00
5.324270703460821430e+00,3.226620771800293941e+00
2.859905894542792648e+00,2.965574044241098495e+00
2.511353733009016320e+00,3.101230012373560996e+00
2.449534531098676027e+00,3.008472572097552256e+00
2.326536288919114792e+00,3.053661555622291246e+00
2.141462648857032747e+00,3.276526408152640180e+00
2.194674003895688674e+00,3.191708863461948820e+00
2.277248605585328711e+00,3.177860773698120145e+00
2.480189742334558023e+00,3.200288243735597948e+00
5.293346487413567836e+00,3.308606903290975509e+00
5.455044479535856361e+00,3.390224533250064010e+00
5.344815106646205294e+00,3.490596814810842830e+00
2.440615109903456759e+00,3.370300974499274460e+00
2.229439716743736533e+00,3.480025469060976206e+00
2.266676130973908965e+00,3.460853407313408958e+00
2.276489399091356169e+00,3.346469296169993335e+00
2.249378062165642511e+00,3.396302225653951901e+00
2.266478456183827817e+00,3.327167800498006311e+00
2.110102546194961182e+00,3.462635207952812433e+00
2.070078589556421100e+00,3.477731137738289124e+00
1.966424695530350375e+00,3.588928140737626116e+00
2.123017609693600427e+00,3.678520305855145445e+00
2.050895151444781739e+00,3.552254310975392126e+00
1.994383614624896106e+00,3.556060555470388795e+00
1.975705990022591951e+00,3.615723928291777689e+00
2.221386734189128909e+00,3.652454624330723210e+00
2.252026684694488079e+00,3.563397289641561994e+00
2.305622409206540269e+00,3.585037919356732772e+00
2.215984220382479108e+00,3.607685807851817472e+00
2.334243201633822373e+00,3.865663637183072154e+00
2.207358453718427871e+00,3.820203873364011127e+00
2.111990126926194478e+00,3.843151829204000780e+00
1.898222433055558378e+00,3.894048052944115934e+00
1.949906843827458935e+00,3.922902701671604042e+00
1.925299349076396105e+00,3.924014547845877221e+00
1.920391595533385010e+00,4.009344392442526051e+00
2.021220553509908147e+00,4.021725335936932488e+00
1.959348090294666722e+00,3.947687279970441221e+00
2.242157209614156432e+00,4.008961717818103843e+00
2.141053130499575907e+00,4.195235652762037581e+00
2.150825605171989174e+00,4.157648533776585609e+00
2.148273023333153287e+00,4.140757570696438350e+00
2.219411699443810004e+00,4.300377164874572777e+00
2.195579892590701299e+00,4.298036319056656396e+00
1.972518122944020069e+00,4.163913236378424365e+00
2.065650227222401103e+00,4.233913110456792417e+00
1.962805559337110095e+00,4.133710659889185735e+00
2.166121973725734229e+00,4.419727004616218480e+00
2.272853532991770287e+00,4.468660853138069378e+00
2.267116589032037055e+00,4.413612789593072350e+00
2.190511467957811931e+00,4.324992851339400701e+00
2.252328708120024281e+00,4.421953126272359924e+00
2.246317190492621130e+00,4.341945963719661350e+00
2.172600001421773008e+00,4.364827951542532780e+00
2.340128584129286704e+00,4.587179793259171134e+00
2.468924228265660936e+00,4.688851663673204939e+00
2.336129742740094883e+00,4.623923288723719160e+00
2.330578324946087410e+00,4.605947216671053113e+00
2.375224165701952384e+00,4.588036866872933217e+00
2.477812046209812102e+00,4.769158384827187902e+00
2.393622965851684992e+00,4.720096121835744007e+00
2.598852549738700723e+00,4.916492321435541157e+00
2.659793042798382690e+00,4.891685204343674265e+00
2.836386354133960008e+00,4.798378970662261267e+00
4.864610186445214701e+00,2.418002509518276888e+00
4.492662708597755739e+00,2.475290532890354278e+00
4.669782294212208029e+00,2.485447813528207206e+00
4.806007036935639576e+00,2.493243205789095196e+00
4.826491345084659379e+00,2.565439351845435922e+00
4.888946233888302295e+00,2.524227365371156218e+00
5.115358715301060677e+00,2.564205612583899452e+00
4.936894829114308436e+00,2.825461634215531426e+00
4.864099629078134868e+00,2.700579550435800780e+00
4.961116037083135311e+00,2.733939092623220990e+00
4.868535558634034643e+00,2.805448833471616332e+00
4.876485810771806761e+00,2.791182566414266653e+00
4.862884419166080718e+00,2.683158267724949031e+00
4.659237967754997101e+00,2.646065421953891939e+00
4.718248337813042426e+00,2.662258588649947910e+00
4.724136345018560945e+00,2.820641332154689263e+00
4.752010361794994253e+00,2.761459999646678209e+00
4.654058119038256613e+00,2.798027584454200412e+00
4.799992736799328696e+00,2.676750456701424863e+00
4.560090053593055970e+00,2.793211298847373847e+00
4.570666753512418801e+00,2.699663556936975795e+00
4.497223680263503276e+00,2.812077022938637150e+00
4.483820547338792650e+00,2.813776159648557762e+00
4.479628387371456633e+00,2.777149158715494615e+00
4.206452189631925798e+00,2.748638552194953011e+00
4.345964254840381180e+00,2.740558674059246247e+00
4.180990933362188855e+00,2.650636406695198843e+00
3.536430990451349121e+00,2.888389407234312589e+00
3.780567034655620162e+00,2.933772512497940799e+00
3.745574720117566869e+00,2.906993639999502221e+00
3.958977368087531090e+00,2.979695126100821767e+00
4.123977553263562967e+00,2.887909984862630175e+00
4.104392936240502721e+00,2.978420136240861105e+00
4.176052942207180152e+00,2.991673831464149558e+00
4.103954108966022751e+00,2.842047292537600800e+00
4.110491829407196818e+00,2.931797918121556101e+00
4.209852028592502293e+00,2.959712785456816153e+00
4.262791969679243564e+00,2.861617198569299969e+00
4.331135336099169564e+00,2.847568996977280165e+00
4.310361415155357534e+00,2.854558479466291043e+00
4.394846064519623674e+00,2.906310831655138482e+00
4.524382833671647397e+00,2.927947402438341840e+00
4.506493181570393247e+00,2.855941842103772998e+00
4.776876065137344973e+00,3.000241607839393865e+00
4.632346409300808432e+00,2.982240438185736142e+00
4.655364803752346070e+00,2.837654170443011825e+00
4.673899968372554170e+00,2.901506025563628910e+00
4.771881570206084611e+00,2.921652343886316672e+00
4.649374689049039944e+00,2.937391936714493390e+00
4.741902338908923653e+00,2.953322359907307959e+00
4.835732333962107887e+00,3.045132214310500629e+00
4.841905505211704153e+00,2.985637617457786330e+00
4.837027719766473055e+00,2.970426034865699005e+00
4.833998814798380117e+00,2.895978986424208035e+00
4.857989044594008377e+00,2.969232237375452943e+00
4.898924698550794155e+00,3.025251947346000669e+00
4.923568493613228902e+00,2.927747359774548919e+00
4.862654923151462860e+00,2.931213699003575091e+00
5.099152116819343661e+00,2.933894111569884000e+00
5.038434381124745620e+00,2.902382625753705092e+00
5.067233906627649276e+00,3.081710551281704458e+00
4.851844509615769852e+00,3.186465390078343951e+00
4.954729303025029452e+00,3.206759548067532162e+00
4.848666129334412211e+00,3.096126678027864454e+00
4.812358635439951016e+00,3.079868087887204897e+00
4.854276332427123641e+00,3.107774133356477009e+00
4.920525465168812396e+00,3.210752573432837043e+00
4.766157160712523932e+00,3.188141928519798274e+00
4.628114257560929090e+00,3.169225347176645613e+00
4.753547553732704323e+00,3.150746215028924269e+00
4.298515209988599040e+00,3.141032283153241345e+00
3.621363682025295017e+00,3.052101197096916962e+00
3.566772657712431016e+00,3.153876509062136346e+00
3.382948901096486161e+00,3.012367172112958791e+00
3.279374558713076038e+00,3.021894101778648700e+00
3.296639458428464398e+00,3.145393836828113354e+00
2.958426607471872138e+00,3.225355622765816221e+00
3.154487318238635485e+00,3.309320253321839100e+00
3.020302144901292341e+00,3.316751425845657852e+00
3.147407520373382006e+00,3.255948477740392200e+00
3.273652026937512449e+00,3.257107379918561030e+00
3.324105006190000378e+00,3.287698740555996313e+00
3.517872804446854573e+00,3.243599218198076173e+00
3.522567164084710711e+00,3.191499602944413816e+00
4.945610237585372992e+00,3.336011768720169801e+00
4.872299622387600948e+00,3.425070395294131043e+00
4.883244299688513479e+00,3.404683970324592579e+00
4.922664024548907946e+00,3.336555689793715196e+00
4.816285072469436379e+00,3.237155948559020668e+00
4.824289694559364960e+00,3.328069677327598175e+00
4.874537500714811955e+00,3.283434077672509055e+00
4.915666973110544014e+00,3.361788640787888305e+00
4.798118464567193264e+00,3.341217118397788788e+00
4.878596438114784384e+00,3.379877725227596219e+00
4.877192627087103105e+00,3.324401784980609786e+00
4.904834426443366979e+00,3.384200536560473260e+00
5.077812219070771960e+00,3.325529130133785038e+00
4.983883224112121368e+00,3.412360763056734303e+00
5.055405676429549189e+00,3.291822835581472262e+00
5.195216090214051619e+00,3.592250105642866842e+00
5.000623987063252507e+00,3.585434502393850309e+00
5.041442444238233733e+00,3.562465594804798741e+00
5.011646928533921574e+00,3.542727485827215972e+00
4.978948080946673294e+00,3.539867279456855087e+00
4.913222845640783376e+00,3.606289222376565018e+00
3.488851053737137775e+00,3.422570966327696418e+00
3.233781716340085932e+00,3.530649708551000465e+00
3.272191320355335886e+00,3.493253633765176502e+00
3.221044965227600976e+00,3.461315922481746910e+00
3.265141200802387011e+00,3.458059753839315853e+00
3.238371972962004186e+00,3.447213648088329752e+00
3.040845065928096336e+00,3.497447830121134693e+00
3.013651373276108991e+00,3.523860076842858291e+00
3.040269941136350518e+00,3.419908966996093813e+00
3.026697228121325800e+00,3.432133850467925740e+00
3.071361102745926441e+00,3.498228612022024286e+00
3.120034127361158482e+00,3.455530061574037859e+00
2.855934150979194897e+00,3.521433578421179433e+00
2.898657710467838822e+00,3.697452170445371333e+00
2.831464324655999842e+00,3.638527787956530091e+00
3.040320067653167868e+00,3.623056756838050063e+00
3.011133627234714005e+00,3.732277045222268885e+00
3.048003929236304366e+00,3.675313939491664073e+00
3.061590958379154515e+00,3.609707042005012134e+00
3.060852306801740141e+00,3.584232365344262927e+00
5.060381572934289807e+00,3.730032460672413119e+00
5.024610426714761324e+00,3.810797047624724154e+00
5.037781073243898788e+00,3.700027684671736150e+00
4.988819604113880146e+00,3.773223350407143961e+00
4.983024139510860984e+00,3.739077739644657505e+00
5.055509227452732013e+00,3.700138173829170984e+00
5.001037574794940710e+00,3.850374957056105885e+00
5.019983446859809462e+00,4.039681461205452351e+00
4.965885535242263060e+00,4.040120868225614892e+00
3.079879929357428381e+00,3.843831810272772653e+00
3.015523856478283804e+00,3.847390624482101007e+00
3.135423684694658597e+00,3.867867059797313711e+00
2.773810469135741030e+00,3.880734895104597015e+00
2.815248684013624381e+00,3.823028717332104698e+00
2.848584974486962906e+00,3.833509456976166074e+00
2.879721063113154678e+00,3.894310120121772911e+00
2.713174602607360875e+00,3.840658074782500098e+00
2.493556069905428885e+00,3.973013857874451826e+00
2.668863825616808683e+00,3.961515645739488889e+00
2.672823419478424611e+00,4.075475422865351582e+00
2.721947776923085094e+00,4.027287585614899079e+00
2.690403614841411883e+00,4.053417213476546266e+00
2.595957335248209041e+00,4.105342809522880998e+00
2.633756629050614695e+00,4.106669103192058579e+00
2.847773632454891235e+00,3.959376285006916962e+00
2.763322782409485701e+00,4.051726418202688862e+00
2.826485392666240770e+00,4.038662083729282593e+00
4.980932857984049278e+00,4.089310230614402464e+00
2.954923043192471788e+00,4.219773898251112598e+00
3.057969804904916433e+00,4.180744168794952031e+00
2.736256812922298387e+00,4.255854555128651739e+00
2.778711050774720359e+00,4.301637562461343656e+00
2.774041357881196213e+00,4.241842083080957337e+00
2.770330057880344032e+00,4.310586642148869885e+00
2.690015027963209793e+00,4.227448939201390310e+00
2.649622136236580605e+00,4.284991574469877662e+00
2.685367863760582452e+00,4.285937309894546132e+00
2.646597377405096374e+00,4.203175956854634521e+00
2.603879865963004914e+00,4.238435801195017838e+00
2.624410366003805173e+00,4.204851344498332644e+00
2.692591289389799414e+00,4.167869514701659561e+00
2.710019711032057632e+00,4.409045052328856684e+00
2.630151199150956742e+00,4.341050412401753711e+00
2.902343656767393032e+00,4.416451354138980712e+00
2.862720997778534393e+00,4.353077096327452544e+00
2.846439271180320141e+00,4.353479092298557340e+00
2.866347467879156063e+00,4.382796911858427791e+00
2.833392206538170477e+00,4.479592925587509988e+00
3.250158922716539944e+00,4.396910669369760605e+00
3.270789547696930200e+00,4.456178170729068633e+00
3.287609512253100608e+00,4.454876465905974747e+00
3.166393849324281362e+00,4.375162433076697610e+00
3.430668236739244925e+00,4.441305795535437362e+00
3.360096229406836610e+00,4.533291733429096304e+00
4.983180136388640769e+00,4.491078727702564777e+00
5.045468940202529673e+00,4.596742513217084714e+00
3.459335442801229732e+00,4.617952188794670398e+00
3.108683325349388848e+00,4.740288853036661365e+00
2.984379767134146988e+00,4.721874102101343063e+00
3.001278260515496399e+00,4.712825641739612159e+00
3.026804200629066965e+00,4.708869006023522097e+00
2.952904740967684294e+00,4.683162032619708093e+00
3.003416253428484062e+00,4.626204361023240175e+00
2.974886344066553612e+00,4.671869163994729846e+00
2.935106056101434824e+00,4.581304009225250162e+00
3.042003662662145835e+00,4.683301824112476197e+00
2.892975969986417262e+00,4.681658299796341183e+00
2.861162560720576842e+00,4.560889337192816306e+00
2.887172158530087795e+00,4.715359670914441637e+00
2.872758026763840178e+00,4.676996033357419869e+00
3.052143812557521763e+00,4.793858920643100596e+00
2.980098702786986742e+00,4.774417092508428162e+00
2.927665233552572133e+00,4.817027701790393301e+00
3.091468188840917897e+00,4.828561151657105199e+00
2.950606758576559407e+00,4.861351257225071443e+00
2.950502474935333019e+00,4.842514447794220800e+00
2.987680675192707191e+00,4.872355410805933928e+00
3.388325255497247834e+00,4.813063212860288154e+00
3.522968759374454528e+00,4.809094831333448283e+00
3.529187340381920723e+00,4.866406068233711579e+00
3.739103204556330162e+00,5.365956869151546904e+00
4.698947207133921999e+00,2.096515464204709023e+00
5.171158334809930146e+00,2.422990139752838168e+00
5.148129068676091435e+00,2.316818762273996857e+00
4.742693674962383810e+00,2.261343443237501027e+00
4.700806756924262864e+00,2.323447373575961095e+00
4.742570483776011869e+00,2.301183016714920093e+00
3.919626046279443887e+00,2.546670440457260209e+00
4.104139822280301608e+00,2.527139731129078193e+00
4.303122297744401692e+00,2.453292560519605203e+00
5.258571325892496873e+00,2.573731872707058610e+00
3.904948513213863936e+00,2.718479374899061884e+00
3.717365568110719831e+00,2.769507700060635180e+00
3.805710824728838038e+00,2.714260213117322351e+00
3.620255227080996008e+00,2.658798267823136996e+00
3.456161673075142993e+00,2.744735902060801092e+00
3.052925338255537024e+00,2.921177396122867975e+00
3.085700139578862355e+00,2.864272537658005824e+00
3.115573835422800197e+00,2.834616583201876150e+00
3.333318895754612488e+00,2.856728347199533058e+00
3.370096172177910798e+00,2.873393646800545209e+00
3.518574410847814971e+00,2.797008401124512211e+00
3.774400614316308022e+00,2.785909811136016767e+00
3.085471979406373855e+00,3.118550569777537085e+00
3.073660767009212424e+00,2.984692893799486768e+00
2.928776774488563994e+00,3.100785065424024101e+00
2.849101816390989583e+00,3.040551442583290687e+00
2.896415775831052919e+00,3.320574069100660441e+00
3.208743286492416580e+00,3.207691129788384110e+00
2.779879038351690923e+00,3.406696923373813135e+00
2.542340878480215061e+00,3.448120082659756669e+00
2.531650628054856078e+00,3.506346281089585126e+00
2.439183829143900084e+00,3.543404716111793196e+00
2.645430414382540008e+00,3.764128900911976050e+00
2.320371273336851115e+00,3.831531357378468616e+00
2.378253639687335941e+00,4.049118461402486879e+00
3.550989759866368445e+00,5.124076788288964401e+00
3.550675699145755093e+00,5.101953966910432570e+00
3.532664775591189965e+00,5.052048409478024027e+00
3.572427504418318467e+00,5.140865968545287323e+00
3.456079764349721639e+00,5.134112454056392494e+00
2.520001139725074779e+00,5.046729040986700277e+00
2.564987018657956419e+00,5.078562177676753109e+00
2.500215050460874444e+00,5.052569462618356155e+00
2.560770481731764470e+00,5.035110948533414010e+00
2.646596203878713638e+00,5.076890211637504535e+00
2.386549317347418597e+00,5.051906141656410831e+00
2.412421235462485214e+00,5.031974644924557261e+00
2.437359641824520473e+00,5.052768168974382412e+00
2.464836910353528143e+00,5.053225919251619125e+00
2.476100197777308498e+00,5.036131210848856732e+00
2.430489385833272120e+00,5.068291884651857870e+00
2.374517561423694190e+00,5.051384649439305541e+00
2.353957168136461053e+00,5.168847519930885426e+00
2.476089132365874246e+00,5.247736244171346875e+00
2.416468380629881008e+00,5.176545394642284137e+00
2.654821999416908440e+00,5.288544905027100285e+00
2.563698521835284794e+00,5.303091150524957165e+00
2.620440608432671237e+00,5.279264808027195777e+00
2.513114336343653221e+00,5.275003758319511959e+00
2.592875166078127958e+00,5.148238455974102123e+00
3.413461742762438078e+00,5.228913206720164020e+00
3.525060189925626197e+00,5.191969232584866312e+00
3.574725667087828906e+00,5.223010567755776989e+00
3.622615491244620678e+00,5.294186945792140442e+00
3.501313633123404045e+00,5.226531371351147648e+00
3.591711246222992315e+00,5.206052049566364914e+00
3.642162070537037000e+00,5.319992460090299247e+00
3.620810269087090028e+00,5.209924405935842273e+00
3.604663575629115879e+00,5.238989871775829421e+00
3.673907132798222008e+00,5.352223235009545554e+00
3.687575092936287824e+00,5.446480936649630067e+00
3.674651622746153201e+00,5.521292660823156950e+00
3.531306818758995991e+00,5.549695076186156761e+00
3.164054209826560271e+00,5.531973415638307578e+00
3.064990650098378122e+00,5.514772483352442300e+00
3.059165494618028003e+00,5.529095556385762222e+00
2.929116128843928912e+00,5.427685472217721241e+00
2.916490718718902198e+00,5.530132123048621118e+00
3.021302308089506283e+00,5.427222915696233052e+00
2.903632918793462192e+00,5.483935440021680208e+00
2.921029411128628350e+00,5.446638776180056318e+00
2.979602919980305131e+00,5.535732738788383678e+00
2.934139327495944638e+00,5.493230759429165388e+00
2.967718202890968104e+00,5.473048229187215341e+00
3.011026575124890581e+00,5.495241306634574663e+00
2.928091733886024173e+00,5.525336427895905622e+00
3.017487837649201143e+00,5.482316166034050475e+00
2.706474291491608675e+00,5.421965036699630147e+00
2.810969291387548807e+00,5.471927908862916468e+00
2.786503158613318210e+00,5.476485931733412471e+00
2.763960998940921954e+00,5.438078338728380423e+00
2.839386124974230263e+00,5.473199078060855705e+00
2.768844837690796812e+00,5.494828361022848107e+00
2.755741071223284155e+00,5.450201709861347332e+00
2.716879756243015809e+00,5.371256448184861476e+00
2.606328148698500158e+00,5.401759844878901262e+00
3.184378502739877881e+00,5.614789958826986727e+00
3.212091273714284156e+00,5.564933970651691375e+00
3.086017459706517752e+00,5.574809903481909856e+00
3.167969535413840187e+00,5.622826989834486255e+00
3.113926762819192007e+00,5.573270706051563828e+00
3.066238927649354018e+00,5.682558309330086210e+00
3.224132073862422843e+00,5.580903096778365935e+00
3.131493839286258574e+00,5.636853483214951055e+00
3.177748202001122291e+00,5.600741938854947755e+00
3.146213626019731091e+00,5.604820293291687960e+00
3.399634580589235178e+00,5.609424874267144645e+00
3.287236721501050951e+00,5.714447283643636410e+00
3.375850233826775959e+00,5.628046619947182805e+00
3.338185112053229986e+00,5.731418710955986207e+00
3.300255124437510013e+00,5.614914163014623760e+00
3.404509627205088762e+00,5.731947678161896320e+00
3.270627521180843988e+00,5.683610293360239929e+00
3.281478992278176410e+00,5.749351909500475699e+00
3.559117815211185309e+00,5.646877446781356724e+00
3.482838626261480997e+00,5.729066688622223680e+00
3.554688455705744321e+00,5.679340855016234535e+00
3.502323093214897209e+00,5.678997738090780345e+00
3.458738493765530553e+00,5.833898835388760418e+00
3.393101247339904258e+00,5.829912541590001496e+00
3.414809516018073587e+00,5.839456282413000743e+00
3.408461467879236206e+00,5.779409079147626471e+00
3.327783710938168937e+00,5.917425125579708123e+00
3.287465949531317655e+00,5.791297872467896291e+00
4.682726670015818549e+00,1.815626810442453998e+00
4.863244187660395568e+00,1.972340404822092053e+00
4.656254968070903999e+00,1.973007948273945100e+00
4.522656342064242274e+00,1.974738587016476865e+00
4.265212278306876215e+00,1.893833586229130006e+00
3.603419189956972968e+00,2.112943618854186578e+00
4.191850930755159688e+00,2.193458078463361716e+00
4.185255218981541070e+00,2.153757577778837806e+00
4.914989186274780764e+00,2.437509520882591207e+00
4.743917025972406165e+00,2.356710538748707950e+00
2.913680338781767798e+00,2.509990126775821562e+00
3.134086616485597165e+00,2.414668299429784781e+00
3.253590514815138501e+00,2.421587247872384996e+00
3.397472419164146995e+00,2.504017700789879175e+00
3.492482619330529836e+00,2.400430990642580475e+00
3.858032525508837907e+00,2.491260014464868000e+00
4.128258611760871943e+00,2.452150653063740471e+00
4.588973596423140400e+00,2.624166583381192019e+00
5.444185870737994648e+00,2.532152502048556020e+00
5.030482936613864808e+00,2.714649931231659874e+00
4.326443804179621822e+00,2.649690873722870599e+00
3.478173197397926852e+00,2.789104859370801215e+00
4.900633420300732901e+00,3.083239697446269023e+00
4.163757416219226570e+00,3.012847769491049377e+00
3.591568905707152037e+00,3.129194439827794660e+00
3.626050627386323999e+00,3.085533700202752971e+00
3.569488749451925180e+00,2.971873390856900166e+00
3.443803866149114601e+00,3.019104894899372837e+00
3.257838138543833306e+00,3.025732351513553908e+00
2.723913206234972684e+00,2.981753017422039242e+00
2.625388366901725057e+00,3.149003301524820220e+00
2.652957300036840049e+00,3.202903204532317805e+00
5.264217467001650164e+00,3.325092658740536056e+00
5.092696464627583630e+00,3.642333353539649821e+00
5.089346235837300725e+00,3.538612650931266312e+00
4.983961134737526777e+00,3.518132852606585814e+00
5.116686761568332464e+00,3.595830181506419976e+00
2.888404326506940123e+00,3.513037576300736209e+00
2.913381186430291869e+00,3.339406319584772298e+00
1.919881307036374052e+00,3.310965490348648732e+00
2.520825322346154973e+00,3.558819111491632992e+00
2.489830278149782306e+00,3.554683621998981913e+00
2.786562834662622556e+00,3.719632550659770054e+00
5.116692124808810860e+00,3.657167422629449494e+00
5.120849389140521346e+00,3.691336332298232659e+00
2.533888261459089186e+00,3.769799420863253481e+00
2.235571353455040100e+00,3.792043790725108998e+00
2.168984895696842496e+00,4.048520265075204350e+00
2.607717647034257347e+00,4.028778025243005878e+00
5.034183453040959932e+00,4.117537385987632526e+00
2.644812247459588317e+00,4.159142586078829140e+00
2.530576900247442751e+00,4.176352830098241320e+00
2.278044379974824007e+00,4.224850080299746402e+00
1.777943440320986168e+00,4.184881600528089329e+00
1.875240807098840889e+00,4.179556094499577767e+00
1.846418193605345648e+00,4.155829794725923954e+00
2.767085292539367192e+00,4.494348290002124102e+00
2.901082708448636360e+00,4.609214113626489251e+00
2.561255740464065678e+00,4.831117891555984478e+00
2.872321615350076129e+00,4.855064500101976321e+00
2.870693236384433078e+00,4.767427046272128877e+00
2.730567239278566483e+00,5.020485523195528543e+00
2.434275592974731950e+00,5.198056800378000553e+00
2.616217446875928054e+00,5.151590731146248991e+00
2.719756729147716268e+00,5.315310321885071687e+00
3.510071088324052457e+00,5.580076718341937081e+00
2.970928273542523979e+00,3.939318975214909813e+00
2.790462689304529675e+00,3.845145894631536887e+00
2.702286912058489143e+00,4.082805650400193720e+00
2.786435042740624812e+00,4.104246463494519048e+00
2.809638324886864158e+00,4.073804202193374024e+00
2.915725178165233800e+00,4.107966684653163725e+00
2.875249552576741863e+00,4.020258013894640214e+00
2.899471319306448081e+00,4.038066459788947959e+00
2.836306675836460123e+00,3.961613577631296845e+00
2.893467762151724187e+00,4.048504745814761385e+00
3.021826413980828185e+00,3.985365811183203100e+00
3.047350879642048316e+00,4.001222946322675611e+00
3.135849203269145402e+00,4.058644040600466241e+00
3.015930920494564127e+00,4.202011598064457232e+00
2.992037866733820106e+00,4.261237846880328028e+00
2.994936149353702781e+00,4.314226692337644664e+00
2.956764858078333003e+00,4.287717858656280967e+00
2.949650597293137277e+00,4.300608771542245634e+00
2.881671965980320049e+00,4.316313599288543301e+00
2.787539116881746715e+00,4.187310977938784262e+00
2.900558388515940056e+00,4.347428245452305440e+00
2.842327064769218037e+00,4.172661419462354360e+00
2.886959660583964471e+00,4.199781848461499933e+00
2.912092377235241614e+00,4.139807282420075119e+00
2.779211733977824395e+00,4.219187981211872440e+00
2.920538746054316181e+00,4.247282997811091754e+00
2.906555119839289159e+00,4.279846026935134162e+00
2.503765014544778733e+00,4.190558362477849741e+00
2.862433792510718167e+00,4.429369920070554301e+00
2.791104112575581997e+00,4.447300777005417594e+00
3.118889453262566391e+00,4.468739573680029942e+00
3.084347358352168111e+00,4.431285913678370214e+00
3.028738096490524168e+00,4.368929540755049246e+00
3.062403377153273265e+00,4.404372231716357611e+00
3.104353743372521901e+00,4.424365367048403108e+00
2.997767013422337090e+00,4.449727394562071225e+00
2.977861585002916200e+00,4.393281669069236450e+00
2.956912854080445019e+00,4.493163282162856653e+00
3.104334655202087845e+00,4.495541385734830087e+00
3.036191811561804954e+00,4.429744285773421275e+00
3.076067586714144042e+00,4.391442557301552974e+00
3.006198247251807398e+00,4.367966420988143028e+00
3.064577799054313711e+00,4.460761902148105307e+00
3.088375810908545738e+00,4.532476736853883637e+00
3.219972670054381148e+00,4.464813346961494567e+00
3.373000535102632202e+00,4.605675965696012675e+00
3.329725126206243946e+00,4.670327129539585620e+00
3.261502225444061764e+00,4.668825318435913196e+00
3.246682271755934046e+00,4.594469814384872564e+00
3.244028552690876310e+00,4.653444759205687120e+00
3.216683754778038029e+00,4.562985590049358997e+00
3.231558124987906844e+00,4.637343946409944628e+00
3.185726181306388849e+00,4.613326501117573031e+00
3.077189152848134768e+00,4.596011090432509327e+00
3.095335705998901066e+00,4.583971366866244956e+00
3.070996549297073219e+00,4.566320518641886927e+00
3.104422975344076185e+00,4.703167025404852986e+00
3.037930199059021064e+00,4.572556510980668065e+00
2.694390490540152783e+00,4.563610328857934384e+00
2.374962467671688504e+00,4.712786310627656405e+00
2.733367531626047064e+00,4.860826530571109139e+00
2.912003504182626656e+00,4.930559422539300130e+00
3.203667238391454841e+00,4.947812349009268473e+00
3.222597466731409899e+00,4.904155212608656278e+00
3.228577272833276002e+00,4.876467262874710329e+00
3.223201320373963785e+00,4.835356940089281075e+00
3.454722624305227807e+00,4.886137608089955897e+00
3.520196121304830950e+00,4.941150988212857698e+00
3.172253996149694277e+00,4.979774266601400434e+00
3.127364932001119868e+00,5.105419901234777846e+00
2.928964785530266290e+00,5.103590137018252371e+00
2.999753639853321108e+00,5.101187259090186110e+00
3.001372873679404751e+00,4.999473712352759058e+00
2.905796802285296465e+00,5.125027953945672010e+00
3.048928087057824143e+00,5.072870479101188046e+00
2.921813457285991955e+00,5.050542113705345670e+00
3.013093396062008544e+00,5.111111107997767355e+00
3.031689345424129822e+00,4.964491773383205242e+00
2.903292041787687960e+00,5.104100310807163865e+00
2.847582269341542904e+00,5.090809329217401924e+00
3.049320629729749044e+00,5.243449798064799161e+00
3.017221838333997042e+00,5.220807196243892001e+00
3.204428933933026080e+00,5.246722051672044529e+00
3.179872182609341014e+00,5.322779845497507267e+00
3.111211151208059800e+00,5.284574887550272493e+00
3.090235800038172886e+00,5.220431376211015717e+00
3.096486756172256882e+00,5.175072551545892630e+00
3.375469592547609921e+00,5.303120511754769062e+00
3.432708413721789142e+00,5.338543416224218241e+00
3.363177254989731413e+00,5.432533903031788292e+00
3.444079290083281286e+00,5.445398693026892722e+00
3.495073802519689021e+00,2.240597286490932039e+00
5.332003981379785706e+00,2.639587910309098451e+00
5.497375802778204701e+00,2.597984580639407071e+00
5.484058029064563300e+00,2.530367014867357156e+00
4.251808973107253031e+00,2.836915558335677101e+00
4.663793672029228787e+00,3.154775030478548015e+00
4.507617377373576595e+00,3.059418840998231026e+00
4.407290899872283951e+00,3.136090093266194145e+00
2.030657576266578168e+00,3.000217100990040020e+00
3.053738917244816609e+00,3.181608377716913072e+00
3.906488733227611032e+00,3.264951509448827061e+00
3.881958904501841445e+00,3.319668525411449966e+00
3.424650370865677917e+00,3.509596255544860544e+00
3.493236767487998939e+00,3.466958984347130901e+00
3.544238196704724952e+00,3.464173927209814430e+00
3.412101456352596873e+00,3.514778934206063798e+00
3.171783107775678179e+00,3.705818764435241608e+00
3.316997859779268865e+00,3.673256843631004909e+00
3.229194457944874586e+00,3.691088380431656990e+00
5.233030098151836285e+00,3.698471846321409906e+00
2.974371174366747805e+00,4.097503953638624630e+00
3.300538906855252197e+00,4.108159575047245937e+00
2.237184019000465707e+00,4.592263877978663089e+00
3.445832403844135250e+00,4.911052991864606199e+00
3.529271964526806915e+00,4.913734488315763649e+00
3.463750070001271997e+00,4.989813369258021325e+00
3.817312449362551874e+00,5.362523766507235834e+00
4.777720444714150361e+00,2.118766217677896080e+00
4.870811990254741985e+00,2.200717775028584899e+00
5.107474083706685875e+00,2.340833326931838876e+00
4.941979113136961033e+00,2.435812965997258495e+00
4.841250081854006737e+00,2.398328802585455222e+00
4.760256924528354361e+00,2.293758782100015381e+00
4.764058288637767369e+00,2.257659938863000093e+00
4.544087133032532755e+00,2.285320905093864763e+00
3.923027364551172180e+00,2.568190913821537080e+00
4.116787038595069781e+00,2.592975473484352200e+00
4.518066906847254316e+00,2.624652858698906854e+00
4.807616840156675231e+00,2.534374455601200005e+00
4.784101904318663223e+00,2.540565261147161191e+00
4.930922077703156603e+00,2.622876809065622261e+00
5.156641972886942149e+00,2.491753739535265577e+00
5.234336759502384417e+00,2.603028405890318808e+00
5.161754776137316369e+00,2.824257049829368871e+00
5.119301525441470879e+00,2.743049335442505399e+00
4.318622922578060574e+00,2.706266214760106870e+00
4.204419091069652836e+00,2.711524301505338741e+00
4.190471863439861444e+00,2.775856895856148032e+00
3.925716212792770055e+00,2.615804509034436620e+00
3.847096777287704050e+00,2.589577214218328649e+00
3.912646842100076849e+00,2.624671592389997254e+00
3.763353120120290995e+00,2.664552246228510501e+00
3.701334008771279827e+00,2.707861251459465102e+00
3.151313942357839792e+00,2.862744658655856256e+00
3.026765030205776252e+00,2.918496164609058585e+00
3.423596988337970437e+00,2.802837595137962268e+00
3.807585177207057470e+00,2.919796125741908721e+00
4.169439112534692349e+00,2.840894747590790193e+00
4.156544093974922305e+00,2.821442079512832990e+00
4.303280588118460592e+00,2.823074675020706525e+00
4.929222943236465149e+00,2.985411112253778310e+00
5.019924807580308901e+00,3.024443866201827813e+00
5.074887968712081587e+00,2.905439641482782331e+00
4.969452135258364933e+00,3.095525708818373190e+00
3.391437558516756212e+00,3.067723220946398932e+00
3.470774578795664311e+00,3.047974150945544025e+00
3.344570798531446787e+00,3.089774679593884521e+00
3.342868482157947962e+00,3.004589612409223953e+00
3.324698526639875862e+00,3.041026980162433002e+00
3.080750205554842136e+00,2.962903552422945896e+00
3.044125231624298156e+00,3.095368641237357110e+00
3.047448172246101983e+00,3.031952918992414148e+00
2.846709584933964088e+00,3.179926723651847809e+00
3.171305568817087916e+00,3.179965324393064119e+00
4.998074485033117575e+00,3.399786216315482168e+00
5.052982855827544029e+00,3.372424990294597080e+00
5.225932751265481180e+00,3.303872489333529394e+00
5.233143893980104266e+00,3.328703924786521551e+00
5.191591875967015213e+00,3.653084606883100882e+00
5.298844933149332803e+00,3.609799500123341165e+00
5.286920296291371280e+00,3.481230488419646996e+00
5.284014809469988805e+00,3.581457440913370149e+00
5.221560811227763388e+00,3.626817827948253914e+00
5.300116605361385069e+00,3.650094272323405775e+00
5.094707384873009559e+00,3.617494051532907040e+00
5.075175524974065766e+00,3.526843987581921080e+00
5.135154680556352602e+00,3.626600848025358204e+00
5.059735229692099878e+00,3.511187925130486054e+00
5.080941340714814736e+00,3.622995018058519090e+00
5.095557776383543569e+00,3.589810155183318141e+00
2.519361810328294204e+00,3.638816546310879918e+00
2.460671928111112905e+00,3.594638789688032077e+00
2.406122003178047919e+00,3.664102762541599834e+00
5.148389269869332097e+00,3.716632904152287864e+00
5.092831685700049960e+00,3.761590604841177576e+00
5.106444830909529387e+00,3.697568000767697427e+00
5.118897229063745336e+00,3.843140176483704984e+00
5.086852698694498187e+00,3.699706903847717943e+00
5.151453209083271645e+00,3.767501672161593707e+00
5.105650649608600489e+00,3.666904971096648591e+00
5.291397669390250691e+00,3.748800655831536766e+00
5.302582150768406777e+00,3.791525446360342944e+00
5.313901497226543924e+00,3.808766763084799223e+00
5.212555724150988112e+00,4.029852360855180393e+00
5.250201047817968814e+00,3.981008252194043973e+00
5.144569215659899442e+00,3.998560292929124849e+00
5.221977877174997396e+00,3.881278413016306938e+00
5.230521913879251805e+00,4.018130684938359565e+00
5.319044236329617092e+00,3.960545384161648030e+00
5.217991281005317283e+00,3.975062416189151016e+00
5.205037657772131787e+00,3.949438729057089148e+00
5.079394891927178080e+00,3.976367340164352004e+00
5.109694959750754606e+00,3.958360042111644717e+00
2.492954959951048099e+00,3.764760920049138981e+00
2.388801863385096258e+00,3.799911807331848745e+00
2.395773244037540106e+00,3.775168763204804101e+00
2.372965542356861857e+00,3.793896284553030185e+00
2.416051741116634677e+00,3.848445793492268674e+00
2.332386565900534059e+00,4.071877323087528922e+00
2.212658989458729408e+00,4.053320342692215306e+00
2.395947204931030861e+00,4.074881431272409316e+00
5.053139158976517109e+00,4.152536557949440876e+00
5.076675270778290283e+00,4.111577106815023974e+00
5.099576918048717822e+00,4.103552896065487232e+00
5.089525278291313626e+00,4.121475284936687800e+00
5.163326784100840783e+00,4.134186226288645294e+00
5.157019617757152119e+00,4.237891976974408337e+00
5.244986600957306955e+00,4.114886410176379350e+00
5.230942198245409180e+00,4.077797575311724820e+00
5.217793185525768429e+00,4.089225913505169174e+00
5.168712545300791383e+00,4.154282375789319914e+00
5.356528018814574743e+00,4.225861012789123627e+00
5.273388000355589966e+00,4.334094081730411219e+00
2.975997460680268158e+00,4.318474023412524510e+00
2.702092517434837582e+00,4.187526378262160343e+00
2.515639074347124637e+00,4.283645380721478269e+00
2.425277393761029909e+00,4.387788232225313223e+00
2.546191488223436661e+00,4.386538973691266108e+00
2.702131235112759988e+00,4.390891896869337785e+00
2.583251227321981869e+00,4.424888769590483051e+00
5.255276741247291383e+00,4.506869349964974347e+00
3.349658645005449298e+00,4.657507734337251293e+00
3.346304912869566550e+00,4.697560060225852929e+00
2.796262604164459820e+00,4.725823359186228423e+00
2.612955018981292898e+00,4.614034558412911657e+00
2.593376119142352998e+00,4.637789262147056668e+00
2.612697143340232397e+00,4.666857969916524240e+00
2.518274278679360823e+00,4.627739342324522553e+00
2.629780856216820339e+00,4.666770929070357177e+00
2.524717146084356489e+00,4.555808361928097128e+00
2.539412295523537200e+00,4.715853582008582734e+00
2.684040736137549121e+00,4.607007634604846302e+00
2.648670308188662670e+00,4.736357675928300814e+00
2.679071908259061274e+00,4.911144988060499372e+00
2.616588130789387900e+00,4.764424112782087661e+00
2.803772298751859182e+00,4.896994128047186479e+00
2.735610547566432071e+00,4.889873410994049152e+00
2.813831394801156627e+00,4.807076356734799383e+00
2.746731286658000482e+00,4.755743984424190884e+00
2.853532666645322902e+00,4.889777330844304437e+00
3.206640693346180182e+00,4.830668042004591989e+00
3.187574654784734562e+00,4.948770095182035256e+00
3.260331157414242842e+00,4.906733490493828675e+00
3.103530500337618125e+00,4.934430600611338313e+00
3.215755788415717742e+00,4.866024743789572504e+00
3.273889818956864151e+00,4.962464457095276948e+00
3.366700943042900018e+00,4.847736591698888375e+00
3.326101013066261824e+00,4.794681993717028412e+00
3.456732221273552952e+00,4.788429125790917062e+00
3.318555986394408297e+00,4.935548878135953110e+00
3.379060848315910359e+00,4.985701780181578613e+00
3.170267163077649997e+00,5.130157119662740683e+00
3.234001125805146426e+00,5.110354366480420296e+00
3.214116734739261183e+00,5.045176367095598913e+00
3.171365663503673993e+00,5.084200721012605229e+00
3.213522202541566841e+00,5.077349530131608724e+00
3.211868820711071049e+00,4.993313283589340124e+00
3.133502325064180916e+00,5.091386112540476461e+00
3.149593892064284084e+00,5.045669758052181209e+00
3.163172532338756060e+00,5.034373106527805675e+00
2.954990547735560469e+00,5.093218834861788835e+00
3.046752383894746341e+00,4.957148364295451692e+00
2.747895493966169056e+00,5.155272366848423715e+00
3.172437194457915943e+00,5.215788353349021911e+00
3.239366609308984124e+00,5.272460971720786205e+00
3.069677572556668288e+00,5.312964671528664695e+00
3.252395547807222176e+00,5.315391608966872461e+00
3.256205468845274176e+00,5.279129463440813019e+00
3.299645588458485879e+00,5.277694746191254893e+00
3.281744972399754268e+00,5.207981122522379991e+00
3.328548398419827414e+00,5.194714304341161437e+00
3.534316438046354758e+00,5.560987884271142434e+00
3.134186743592572544e+00,5.377191699746177278e+00
3.555258560919007937e+00,5.574739427868342645e+00
5.046186270038547583e+00,4.196712334257612476e+00
5.038632098227137313e+00,4.148228218109261789e+00
5.246411142668037542e+00,4.133519504554609370e+00
5.174458004174098846e+00,4.195630401126967612e+00
5.237587764573487625e+00,4.202978612568946559e+00
5.781088386787286204e+00,4.463050084734716094e+00
5.388106668407429467e+00,4.383392000871788596e+00
5.316823391629761808e+00,4.378673094552877565e+00
5.280083320322985330e+00,4.370852288902619343e+00
5.270275185498723758e+00,4.442443123818112127e+00
5.308146648151176095e+00,4.366373650269503415e+00
5.307375393947991959e+00,4.612271924076014606e+00
5.281114322487614920e+00,4.593810749455458975e+00
5.273977394401298646e+00,4.514454183964345724e+00
5.292404767714696590e+00,4.489765783878615579e+00
5.354928808582839039e+00,4.546917075951690812e+00
5.359203878717343272e+00,4.502819272861124489e+00
5.452290123402625532e+00,4.572652992340901612e+00
5.328800573309194100e+00,4.626931685168210961e+00
5.362837502759356667e+00,4.645909608246626021e+00
5.376400142378322755e+00,4.640125062001089873e+00
5.510347305326289025e+00,4.511232895648741525e+00
5.320768158635464040e+00,4.538631054233775330e+00
5.334658981912554943e+00,4.580733530581500013e+00
5.460268953215957843e+00,4.504732540786992701e+00
5.473938770800764075e+00,4.531267105794268168e+00
5.561274867864539395e+00,4.620995357514167345e+00
5.780223241574446114e+00,4.645135204409456264e+00
5.752751467589204637e+00,4.576884906347983062e+00
5.808811448939305677e+00,4.577530848515301898e+00
5.767626060439425828e+00,4.652280362848721929e+00
5.789687451881698976e+00,4.715483277280025476e+00
5.795625338771730028e+00,4.826053398454679844e+00
5.767906875743259221e+00,4.809371675371277632e+00
5.721470784313727798e+00,4.759395351170121913e+00
5.755868663249246175e+00,4.778774279089796906e+00
5.376090945436678759e+00,4.730375117378200045e+00
5.422317205206731217e+00,4.830175273164756256e+00
5.420730636292739213e+00,4.710499435492472742e+00
5.436620873981911295e+00,4.767553453833619947e+00
5.384134004832372256e+00,4.854919819121565894e+00
5.348061887338112719e+00,4.747737282773452527e+00
5.345650711179674275e+00,4.762512221789946487e+00
5.468291999570960016e+00,4.785861534328509137e+00
5.387223278711708474e+00,4.797004792917276106e+00
5.386149474480053989e+00,4.811249412303065576e+00
5.377193537419220348e+00,4.730159993087393211e+00
5.441649012736798241e+00,4.869451680046688935e+00
5.276083939905354292e+00,4.717928090334297053e+00
5.294302023435143667e+00,4.705564614499493814e+00
5.393165022144786214e+00,4.908542664042004233e+00
5.437596355793719027e+00,4.918677042886119288e+00
5.435422034807820602e+00,5.036190739112080372e+00
5.423192730139212436e+00,4.942593847834496401e+00
5.458471708069213335e+00,4.930578803924307252e+00
5.423190449155570469e+00,4.985332689966070596e+00
5.499573211810372619e+00,4.905332221217297395e+00
5.448677347496910350e+00,4.986286532159452278e+00
5.412444110245818507e+00,4.929039547898981688e+00
5.468298586698341346e+00,4.959641116699793351e+00
5.338217609578124190e+00,4.940814367972359733e+00
5.462289379504616349e+00,4.917078427385218831e+00
5.765954468087985951e+00,4.983048574598884173e+00
5.798596240034261662e+00,4.906814147526494807e+00
2.264634700705176140e+00,4.995189753059214866e+00
3.224418843028311166e+00,5.546272557985421514e+00
3.555810666699427802e+00,5.806837251275241307e+00
3.423739471784018829e+00,5.067135307452548254e+00
3.412610809376035892e+00,5.294096010404225616e+00
3.511097046623238960e+00,5.319945474602785218e+00
3.561703088564721842e+00,5.249728942188838232e+00
4.993580158123272383e+00,2.241431324087067800e+00
5.058696384749608477e+00,2.309511024135588730e+00
5.004455971870624964e+00,2.403553842109902750e+00
4.870391234005265524e+00,2.331626767637874575e+00
5.005763358814616204e+00,2.356735054846843092e+00
4.920467943602981897e+00,2.303793949681949726e+00
4.715399958285949822e+00,2.368807098560940183e+00
4.671747389173371623e+00,2.370885683250550269e+00
4.295619749045261671e+00,2.565232361516548654e+00
4.547699908052528883e+00,2.527737288183829367e+00
4.651770425516131624e+00,2.484503699068278504e+00
5.000031446694113590e+00,2.468206811730721650e+00
4.837680947190976077e+00,2.632017445597712335e+00
4.968978217974981959e+00,2.593267662367050974e+00
5.042568430237704291e+00,2.608969626708579792e+00
5.043487777038157205e+00,2.528943668793866451e+00
5.047944811092713202e+00,2.505324254953220198e+00
4.885149362936587636e+00,2.764344875410170932e+00
4.636034215197994968e+00,2.807726641877517970e+00
4.477765451101929806e+00,2.690864000365694952e+00
4.450284872417639370e+00,2.755033063355897038e+00
4.373499388656634679e+00,2.650356091682126269e+00
4.075422856055735288e+00,2.778396085077553757e+00
4.102923539517075113e+00,2.687809611716453162e+00
3.488605005176302232e+00,2.954494138681840187e+00
3.460255110551321067e+00,2.958193586108808670e+00
3.904271217165454999e+00,2.908434379852868901e+00
4.057442219295649188e+00,2.972629556296292108e+00
4.520383920817350187e+00,2.870970846614879779e+00
4.775883877245794551e+00,2.941075558278956947e+00
4.851236510375418476e+00,2.879415768456962788e+00
4.849334150507544905e+00,2.837619639041042419e+00
4.944797658317698463e+00,2.973509500620560964e+00
4.959635280304000915e+00,2.943392913307651959e+00
5.036314434645520421e+00,3.006362438370904666e+00
5.002606940665478064e+00,3.014420666890037737e+00
5.084761412011641113e+00,3.121056134237641722e+00
4.047110934863709097e+00,3.058369688445264689e+00
4.100311398145714215e+00,3.053189050638730251e+00
3.806411302077091108e+00,3.171295406853129162e+00
3.774764260077161815e+00,3.048679322070810382e+00
3.630389548967599911e+00,3.112070427144685070e+00
3.644897332218138164e+00,3.066380223872234190e+00
3.540174749070136073e+00,3.127264721752136989e+00
3.454862736747034813e+00,3.170444472733640495e+00
3.352816421626243937e+00,3.327084706005512871e+00
3.351174142363448460e+00,3.214720151101086998e+00
3.420814128544467092e+00,3.306850439024179078e+00
3.655296810271205565e+00,3.237593235985117168e+00
3.827018460931300048e+00,3.264333910702006403e+00
5.150560320266875713e+00,3.404449350859246604e+00
5.065056825068562141e+00,3.329445563031262267e+00
5.102380480547785702e+00,3.423156966580640059e+00
5.049435595038191060e+00,3.271423140194046120e+00
5.383059612092553792e+00,3.581026886029192280e+00
5.010347123927020974e+00,3.558161098404012179e+00
3.452214473058107913e+00,3.420923532484565044e+00
3.443437773652973100e+00,3.400977144370084915e+00
2.923389138418049704e+00,3.384798621049573075e+00
2.926116143854912366e+00,3.467089883984209031e+00
2.911447879318567189e+00,3.485643624395057039e+00
2.454568166306652088e+00,3.698628120093717886e+00
3.233991458711344080e+00,3.623492401791175155e+00
5.242016255400842262e+00,3.760240253858195825e+00
3.390833046967980380e+00,3.892553464583119016e+00
2.843133639617481112e+00,3.894848607061184964e+00
2.646962995170490274e+00,3.739046191733923052e+00
2.507026453321123949e+00,3.834655920724185041e+00
2.653780905009498259e+00,3.996313565338291962e+00
2.845851440475894556e+00,4.010638702003653577e+00
2.819005133132633123e+00,4.121018739838525846e+00
3.000470554744386398e+00,4.123216272311597486e+00
3.017816650649224997e+00,4.037937979231752017e+00
3.280531656403533614e+00,3.977638562213827278e+00
2.908478076334509055e+00,4.192121802744077641e+00
2.301574240422837647e+00,4.391238393734521850e+00
2.965362970325005065e+00,4.486019084583438676e+00
3.206163101866818188e+00,4.374299473223860701e+00
3.421890856848019080e+00,4.484894686451895929e+00
3.450934164504514179e+00,4.665818314631255070e+00
5.173517305976535141e+00,1.829180067332532911e+00
5.727531028753313436e+00,2.006289683065256124e+00
5.705924317452021555e+00,2.056247393524381017e+00
4.293711954915606199e+00,1.934136374387916080e+00
4.144201776645790147e+00,1.939618012074221909e+00
3.759425484371657689e+00,2.083458195913330258e+00
5.757395158229408949e+00,2.418348295487780408e+00
5.352902266150636912e+00,2.375094522468315983e+00
3.274373165606652147e+00,2.298841417725542069e+00
3.084133980929443020e+00,2.303716534878260891e+00
2.823846298305529690e+00,2.420785945495018687e+00
3.063009401677887933e+00,2.474641764481892103e+00
5.806144203187025177e+00,2.579344720534605173e+00
5.721809991162545295e+00,2.641352483803356854e+00
3.595375497593201963e+00,2.721520733045880380e+00
3.416780667167205632e+00,2.616638156814804272e+00
2.357593114192760186e+00,2.855637633556051380e+00
3.520850541300984293e+00,2.820216571690525420e+00
4.071252493099358105e+00,2.866314992100205128e+00
5.780517341964320543e+00,2.999684281414501275e+00
2.059146993995162322e+00,3.229199851195302617e+00
4.705419129897988384e+00,3.535027466936726093e+00
5.268705883229342746e+00,3.787184350365373486e+00
1.979642184763622081e+00,4.026914740617073107e+00
2.892253081550511418e+00,4.060231135220829124e+00
5.103765293130022584e+00,4.122549194615985790e+00
3.241209337924607858e+00,4.282376852242604670e+00
2.233183678567681074e+00,4.398897839887047745e+00
2.175328434437122205e+00,4.583508696745324684e+00
2.329973958530799916e+00,5.065261171488609548e+00
4.580366563688634152e+00,1.794978069352229033e+00
5.505319612922084715e+00,2.044422442391610861e+00
3.729380776000120967e+00,2.156990403905241660e+00
3.706959845765970041e+00,2.082946072079740585e+00
4.103017870304491943e+00,2.097647165142712655e+00
5.078343064390375083e+00,2.178245192078016590e+00
5.447480990494232955e+00,2.382835747515216873e+00
3.398209920383520100e+00,2.341030151789540437e+00
3.114636683917225923e+00,2.492194612781823970e+00
5.510794501978274695e+00,2.691792486999625034e+00
2.671561350493234510e+00,2.678119559125121008e+00
4.377343158734841921e+00,2.874826577049626408e+00
5.199291051090967564e+00,2.893838627069166947e+00
5.764496330751685882e+00,3.013855011237037029e+00
2.092212777766107035e+00,3.010539461779270454e+00
2.088501866055211487e+00,3.577041459955418556e+00
2.255609105774886380e+00,3.681431067064854012e+00
3.252779852975201003e+00,3.692925057834711033e+00
1.849949038447336713e+00,3.957236401880206422e+00
2.777655810261458136e+00,4.045818502001762518e+00
5.817789739463359311e+00,4.236447301226142770e+00
2.158883913271993027e+00,4.246496357984042014e+00
1.728340159527912867e+00,4.256788202023397361e+00
2.071081704199524420e+00,4.722785234888553951e+00
2.517565712652976906e+00,5.095289959547844916e+00
2.714729980815049348e+00,5.166524852979822668e+00
3.143642497886328879e+00,5.621606441563497647e+00
3.531517453620832470e+00,5.816426029486087224e+00
4.844862320893888352e+00,2.124523470227759780e+00
4.736816447702809185e+00,2.223551463527075001e+00
4.998563004290980771e+00,2.172371329464291900e+00
4.961910603581734414e+00,2.163736365121842198e+00
4.749103402724539791e+00,2.328544331600783224e+00
4.429093462181604046e+00,2.372194662555121347e+00
4.465285137151455253e+00,2.329223971895394207e+00
3.777117414270152018e+00,2.561197865870719514e+00
4.202534979548052441e+00,2.459209790111665850e+00
4.279778752569576739e+00,2.537437735794562776e+00
5.172316256802407253e+00,2.846589500824578955e+00
4.161627863907280123e+00,2.719215562079405846e+00
3.295551615828246295e+00,2.777731263521284966e+00
4.968925244252273998e+00,3.046224115227422757e+00
4.969012313121080382e+00,2.891484162578651151e+00
5.152332824009850043e+00,2.996778192029324384e+00
5.160983252419910627e+00,3.225321476619444461e+00
4.955843329375811734e+00,3.073033528488552601e+00
3.700292670863785549e+00,3.132819154021623920e+00
2.668486071494841738e+00,3.163761966463895181e+00
2.703708826650212060e+00,3.276740428025735952e+00
5.083672349662356815e+00,3.459451499636053029e+00
5.107788333402965897e+00,3.279339712150682651e+00
5.218856183845364427e+00,3.372276902920510189e+00
5.255350131623239385e+00,3.613032610074436768e+00
5.083694096647744409e+00,3.518393371690162308e+00
5.032200566286608279e+00,3.470171548885125024e+00
5.082854391874238154e+00,3.595858074766991042e+00
5.062284808046137563e+00,3.620816273454837031e+00
2.795401718809966241e+00,3.525956983957183155e+00
5.041768270189522561e+00,3.729111404903818983e+00
5.059651188500041030e+00,3.823113804566944829e+00
5.093820458061666834e+00,3.881220082433200158e+00
5.108605348053908202e+00,3.898970551546725005e+00
5.043490367645050654e+00,3.996155050614060844e+00
5.097930178272598312e+00,3.867352928767409992e+00
5.115439981049578755e+00,4.100727276759622342e+00
5.032507173023945235e+00,4.220339614652010241e+00
5.061045945985000571e+00,4.202622081368244444e+00
5.211477848095257492e+00,4.418018999335383334e+00
5.135489439224071084e+00,4.373862440224169035e+00
5.161210365558456026e+00,4.344316314820581226e+00
5.070803822450343112e+00,4.440229708832568178e+00
5.104714246238865272e+00,4.350197544383359372e+00
5.064819840761829006e+00,4.395102912370564496e+00
5.049388644284372063e+00,4.341784640295614395e+00
5.030317468109756440e+00,4.289203495428496105e+00
2.458340661342952593e+00,4.277476164252096424e+00
2.615989616542266027e+00,4.371802854798592541e+00
5.150733504179453526e+00,4.539052272949447797e+00
5.198619152749597738e+00,4.537413904789863395e+00
2.845785735016648221e+00,4.877253705784961646e+00
2.776379763527924371e+00,4.837645110785837588e+00
2.766111457405162621e+00,4.753484803913289980e+00
4.525250377562948678e+00,1.814850448768482005e+00
4.636934117527808041e+00,1.811971114066142752e+00
4.715745824818641907e+00,1.803002062664178506e+00
4.705219949725305995e+00,1.799775739272010400e+00
4.969923922917614867e+00,1.836903141837565645e+00
4.922687000426551052e+00,1.805334099130535996e+00
4.980778800765389924e+00,1.798444837095589222e+00
4.998561148855607428e+00,1.797521078422420704e+00
4.863132242510746828e+00,1.788075309198863039e+00
4.875240162245874309e+00,1.796515416172289603e+00
5.115367791525698316e+00,1.834046710873978414e+00
5.099393627062742240e+00,1.812958888240933097e+00
5.749719027311183339e+00,1.969189588367388000e+00
5.701904757944808999e+00,2.063187155406291939e+00
5.783121408199868974e+00,1.994029279994065096e+00
5.747131495256630807e+00,2.002950377556043993e+00
5.734088601881142999e+00,1.988402482768462320e+00
5.801799591563050917e+00,2.043696894659294827e+00
5.742747394568343822e+00,1.912712216984582048e+00
5.379320001713320032e+00,2.050044743565554217e+00
5.287331631548062738e+00,1.944680060933496435e+00
5.257642890543945846e+00,1.968723598846731981e+00
5.271588504158382094e+00,1.919183076496296048e+00
5.320470028910947669e+00,2.033914567894488101e+00
5.326592185834725157e+00,1.988931077284702420e+00
5.344237093755865864e+00,1.961472483119300003e+00
5.221396908948261917e+00,1.889096669061200773e+00
5.117204728595010188e+00,1.915621298335071998e+00
5.086041620775742622e+00,1.915734520667078833e+00
5.198694452935333388e+00,2.024529451688888759e+00
5.189103564047378825e+00,1.960764336659484020e+00
4.951695828278092293e+00,1.905690520956214051e+00
4.751199649883568910e+00,1.881371613109712904e+00
4.831030649024881996e+00,1.881353116557642480e+00
4.691240225262724550e+00,1.846843193303083108e+00
4.793135935180375284e+00,1.889137283145338353e+00
4.680442700276367773e+00,1.912323388094876009e+00
4.625306506704511378e+00,1.902664989197708101e+00
4.538394126085408153e+00,1.975345168090058889e+00
4.565166411990681183e+00,1.840344045063756484e+00
4.469987311484353576e+00,1.907296304011572463e+00
4.509816865793013996e+00,1.893827692497430881e+00
4.492493613494603188e+00,1.845377353903711937e+00
4.562783800942774803e+00,1.868111379035084063e+00
4.507180344615366430e+00,1.979549504576774810e+00
4.522552570848844766e+00,1.838219554881453277e+00
4.484836540219142798e+00,2.011292239356206490e+00
4.457556316254234652e+00,1.941469057119745933e+00
4.608589489947438445e+00,1.916580902610748094e+00
4.429657322478721682e+00,1.854583356943010353e+00
4.461345114955841851e+00,1.855807643097403981e+00
4.342831569767697353e+00,1.983925857178771013e+00
4.353173254537438197e+00,1.956302789919512009e+00
4.277156713271402566e+00,1.967874615585156972e+00
4.328671877442030969e+00,1.916755413630650384e+00
4.433291723601985090e+00,1.894565305682798462e+00
4.347917598939885941e+00,1.861870591834700717e+00
4.426202188461197728e+00,1.955927754674113617e+00
4.389350764554714068e+00,1.874031162126748029e+00
4.364309914574365123e+00,2.003064260506679961e+00
4.405670239098098406e+00,1.876032823323576793e+00
4.232477132832476840e+00,1.985674029668512475e+00
4.133020844948282146e+00,1.980133403239219936e+00
4.158115418399253471e+00,1.981285015651164771e+00
4.182266293220964215e+00,1.922345198864765292e+00
4.176970457519352919e+00,1.960931136891452820e+00
4.106553516639132262e+00,1.961443082995087961e+00
4.072739777269735129e+00,1.954867336740319983e+00
4.207184330150530727e+00,1.954982297227028765e+00
4.117733469190569373e+00,2.008419698867558001e+00
4.231915059791532485e+00,1.942250602975752694e+00
4.000600084174147142e+00,1.985419131886664079e+00
3.564685577870248423e+00,2.175267417242698897e+00
3.746825005646383211e+00,2.088583588168640759e+00
3.799912170512785181e+00,2.129301822391388210e+00
3.740871857487013674e+00,2.080356923981286243e+00
3.693283281825400000e+00,2.145054925852414751e+00
3.811109800236900824e+00,2.166568941737702314e+00
3.790874087801005654e+00,2.092475400005023189e+00
3.654813249998832170e+00,2.154446444544619421e+00
3.815439564113592752e+00,2.070401247563750768e+00
3.707968395563603803e+00,2.111600744805022689e+00
3.728112401378326002e+00,2.118715397889130880e+00
3.851194154501000000e+00,2.115669333745689773e+00
4.019815496594898896e+00,2.092521838975008208e+00
3.890857258249340589e+00,2.060599291504178865e+00
3.970560180681502960e+00,2.010957585894816546e+00
3.888603946272544132e+00,2.036955648167384059e+00
3.930744291464614903e+00,2.114762777794777726e+00
3.901484215988807236e+00,2.041069550528469279e+00
3.860406060034859976e+00,2.095028332581617025e+00
4.007967443698997378e+00,2.107238801210718382e+00
3.951540778794408126e+00,2.026117407025135986e+00
4.027867444719773538e+00,2.111720651503315782e+00
4.072485290955287773e+00,2.139877395855136477e+00
4.062825585387637162e+00,2.102417970694388849e+00
4.075514918424537392e+00,2.164325901183996592e+00
4.183798743104919282e+00,2.026392270973810916e+00
4.096980434120760961e+00,2.150385968219774124e+00
4.204148018611839177e+00,2.069160776735668339e+00
4.088098518497915279e+00,2.093917634195532340e+00
4.183756975068336104e+00,2.071967390734553049e+00
4.408009964048847706e+00,2.058395097454264189e+00
4.421881669705466145e+00,2.091490277118716268e+00
4.322227110575229680e+00,2.042872794741577014e+00
4.465171965319862935e+00,2.032516588365094190e+00
5.384338683799364311e+00,2.104221386276605710e+00
5.422980732195122222e+00,2.162358801815540410e+00
5.373441243948745338e+00,2.144533302603946812e+00
5.411577223757819688e+00,2.246693160110425413e+00
5.395665154748852999e+00,2.154649907485887805e+00
5.366952626110834679e+00,2.110078441335617061e+00
5.403778488391584034e+00,2.086245253683944867e+00
5.359978561209106651e+00,2.189022863232242599e+00
5.356710633565003654e+00,2.161832686919176627e+00
5.340273155708525898e+00,2.103767479438761079e+00
5.694699272975415560e+00,2.194450104884321018e+00
5.736139382456306279e+00,2.252297515439352082e+00
5.740620541379324315e+00,2.154281914299129408e+00
5.708478044790100903e+00,2.431340571307638587e+00
5.804063467079111582e+00,2.349344535601061157e+00
5.808667766928389931e+00,2.478075678788985048e+00
5.727218588262691590e+00,2.424626592039836215e+00
5.722469240777189547e+00,2.434038946948724469e+00
5.744807672354857786e+00,2.297222493435973067e+00
5.765148155727756851e+00,2.405763780798113594e+00
5.677957038419362057e+00,2.314023535035422352e+00
5.431264921595682971e+00,2.328875915737244284e+00
5.441386214014110045e+00,2.341906081091071012e+00
5.378888125472317761e+00,2.445668613030417937e+00
5.423549101452320720e+00,2.284804598490072003e+00
5.409228806115637056e+00,2.363363958597905157e+00
4.059388614670291773e+00,2.217994622850785635e+00
3.905239871141553909e+00,2.295338064859512972e+00
3.860436262799206819e+00,2.312093889396146462e+00
4.020790049024556723e+00,2.225960230587244126e+00
3.964355524562430233e+00,2.228296754480856734e+00
3.959861633124126090e+00,2.253660911714173043e+00
3.880966094918944176e+00,2.275398132279008667e+00
3.760440372400612130e+00,2.204671974538693568e+00
3.747245613568037648e+00,2.323190945339865809e+00
3.656594031438631820e+00,2.241258114493267062e+00
3.765495379173322998e+00,2.338339266422006180e+00
3.739151061425255218e+00,2.292309008478612853e+00
3.728924901474666598e+00,2.284404205110098562e+00
3.788827863795512840e+00,2.296059135427515940e+00
3.833227334743658510e+00,2.291181353132842879e+00
3.645236979050389792e+00,2.235149876519185064e+00
3.706826882995225780e+00,2.327076543802247155e+00
3.666229082826977681e+00,2.323966054836672068e+00
3.702919202031356605e+00,2.254821360977356193e+00
3.692320670792199166e+00,2.313379868604364287e+00
3.792875597712641600e+00,2.246927724687052486e+00
3.523354044483646419e+00,2.205945284838932707e+00
3.550704757090905161e+00,2.363979265394108964e+00
3.568620550388843071e+00,2.304275960239067889e+00
3.541447504389772849e+00,2.266771889255419392e+00
3.577880903169930349e+00,2.269172843518777682e+00
3.541535757925456718e+00,2.210937488595410283e+00
3.519101557620134102e+00,2.315217094469959047e+00
3.445425107414226584e+00,2.314411933667952059e+00
3.602232943562296175e+00,2.266792184502184782e+00
3.480265274954758681e+00,2.312853940875592151e+00
3.515549398742974674e+00,2.191399041286089311e+00
3.457535392163126886e+00,2.307186670346420332e+00
3.612017591989120202e+00,2.192525521937020105e+00
3.637968192736095840e+00,2.270957803309046508e+00
3.619811916563323795e+00,2.345768161478792191e+00
3.587002858075400535e+00,2.323142913730124715e+00
3.593503271532130228e+00,2.199087608153965867e+00
3.500260918657990050e+00,2.309262431051467779e+00
3.503504330733012484e+00,2.355664750850723799e+00
3.300799238305049066e+00,2.245424635026243898e+00
3.356189414207471966e+00,2.274473526033856441e+00
3.285929392367379798e+00,2.285528332756681991e+00
3.245148683137570433e+00,2.310900897513668006e+00
3.382330255951208287e+00,2.226500152969317803e+00
3.383151876595867247e+00,2.331616656345836702e+00
3.268239696039846987e+00,2.304469537105941157e+00
3.387462342226796874e+00,2.238941301266771156e+00
3.318930626781636306e+00,2.296155260832506428e+00
3.389542402707418578e+00,2.362736776189230170e+00
3.423702632504137977e+00,2.235655438724060584e+00
3.325636074725181857e+00,2.273363287245336206e+00
3.351982215611154281e+00,2.341227082228244605e+00
3.215392697236989061e+00,2.285488165755679812e+00
2.764990554474667128e+00,2.508145979931576175e+00
2.845585219887554196e+00,2.479729454370825703e+00
2.970508133275775453e+00,2.458494389691165072e+00
2.975515482447536719e+00,2.436868831033590421e+00
2.946620838714217872e+00,2.464501926781258678e+00
2.943993554951302105e+00,2.486525157540621311e+00
2.874273774832360129e+00,2.506014156672816018e+00
3.000164788938748828e+00,2.418401590498992171e+00
3.028777136368582479e+00,2.408547952644243928e+00
2.859845994859349982e+00,2.524143833551068195e+00
2.963540621539493269e+00,2.527941608037390431e+00
2.861473550408691224e+00,2.487876463835839935e+00
3.142989985292647948e+00,2.384295244472642405e+00
3.194419903732375943e+00,2.509749532206424050e+00
3.071339191610649166e+00,2.440636126832156361e+00
3.076537368301585751e+00,2.467436227112224323e+00
3.180170815219214298e+00,2.413044673247857652e+00
3.188551724083460215e+00,2.377022121723713965e+00
3.109509298219141904e+00,2.368239408524755785e+00
3.199625633310362982e+00,2.424981142430528980e+00
3.140229130276817049e+00,2.424487813958952742e+00
3.104936407544895971e+00,2.532569279919190119e+00
3.156607280958721340e+00,2.526380545497894925e+00
3.153049627537797051e+00,2.470355040098263011e+00
3.012158201414121272e+00,2.538186246967375048e+00
3.201675137482286715e+00,2.459803741685406830e+00
3.179050970769170092e+00,2.439622773813216128e+00
3.124102012285051799e+00,2.397988197311122338e+00
3.036230016411316068e+00,2.443162524120584322e+00
3.128505146563679951e+00,2.470160182729238763e+00
3.022864770041997939e+00,2.421228946301972940e+00
3.097062331783555056e+00,2.488107582281468222e+00
3.332909644155518158e+00,2.505273169095328711e+00
3.380009987588884712e+00,2.434272461501028051e+00
3.328761352583116118e+00,2.392831842048105173e+00
3.393123785437390350e+00,2.458922039517926539e+00
3.351238757682292846e+00,2.423103083911427813e+00
3.373649043194480779e+00,2.460903344927996006e+00
3.282763853222681938e+00,2.544837840861450928e+00
3.273407882889194376e+00,2.454721158795680758e+00
3.386156996202265734e+00,2.478370714751520598e+00
3.272867166437297026e+00,2.364029450736312210e+00
3.320843992317773719e+00,2.400222299108377921e+00
3.269590114858632379e+00,2.507794642949544350e+00
3.282767940459216049e+00,2.377102640948300039e+00
3.308358177300270597e+00,2.445854735545012204e+00
3.504238188524008368e+00,2.421843526404012792e+00
3.546790488652750817e+00,2.390777959791941409e+00
3.453253608509142314e+00,2.409728142904784320e+00
3.655803810790223984e+00,2.385466140468648355e+00
3.619940291716956970e+00,2.410823527834045077e+00
5.429281934743209526e+00,2.515814966687044851e+00
5.417434300319261098e+00,2.498163873867120799e+00
5.442637402774708200e+00,2.670004103711764998e+00
5.456612833311671906e+00,2.612605105320449983e+00
5.429736192300069320e+00,2.635049367627892991e+00
5.445881104635203585e+00,2.597687100666698612e+00
5.432793964729196290e+00,2.537122908728500992e+00
5.740333826254712335e+00,2.519019072873498022e+00
5.756610045744136706e+00,2.653056204138022789e+00
5.793866228630832893e+00,2.499172844673088534e+00
5.784651458222398901e+00,2.586514859384899889e+00
5.772894065891016169e+00,2.543268786583952057e+00
5.763923728672227575e+00,2.488487909546484023e+00
5.758318091866780009e+00,2.604839244227205253e+00
5.772355676757811693e+00,2.636851446583800218e+00
5.769336525950263805e+00,2.594500068390636738e+00
5.764993181011927703e+00,2.627404654015387031e+00
5.770818210447083096e+00,2.572471373227142255e+00
5.805791043713897537e+00,2.801357229748842492e+00
5.802447205084504844e+00,2.831093773119762069e+00
5.796665405573260266e+00,2.887284742743094768e+00
5.783993030898402665e+00,2.704256684550776502e+00
5.801712489568372710e+00,2.730566847693720156e+00
5.779226166289975986e+00,2.725458179675756654e+00
5.776336512063839912e+00,2.766026083217406839e+00
5.788752090529384553e+00,2.713403263971907897e+00
5.437183419686556718e+00,2.755344821292863955e+00
5.440809402491404434e+00,2.769453700625228443e+00
5.450901016597526905e+00,2.764305970323469364e+00
5.421058166847762649e+00,2.764215477602857352e+00
5.446045953033509690e+00,2.788232022575376057e+00
5.452699752734729621e+00,2.738309290745692959e+00
5.399845117967468688e+00,2.834881008166432181e+00
3.057266196993699836e+00,2.693587983996125867e+00
3.069261385319148605e+00,2.577134896761577032e+00
3.151724957011798445e+00,2.633093416346846460e+00
3.071066258791128156e+00,2.619750128722800664e+00
3.079213530362944873e+00,2.669411588609009289e+00
3.128606504765790497e+00,2.565071303049102358e+00
3.047263516909353598e+00,2.579366034606936697e+00
3.122667966839705045e+00,2.598219776275086712e+00
3.167756528916264802e+00,2.628093285496625686e+00
2.970982728197821388e+00,2.624383758478892048e+00
2.920778861902411982e+00,2.686925083307829087e+00
2.959617467566492355e+00,2.660086130688929185e+00
2.977773258131989564e+00,2.584347825802684184e+00
2.998647497205710000e+00,2.591064086140117073e+00
2.836694884281827811e+00,2.567127979019832473e+00
2.977026049625936199e+00,2.559036451430977799e+00
2.830207283050532929e+00,2.577431726067031192e+00
2.732325391061643849e+00,2.711871399820189765e+00
2.712338262271986267e+00,2.701762871436963476e+00
2.692772481328967071e+00,2.639876588618915942e+00
2.662078458667434422e+00,2.557101904621123190e+00
2.775095537902638299e+00,2.668317606668148212e+00
2.753540932689406695e+00,2.680833696198692273e+00
2.780733621299804614e+00,2.543016261710048465e+00
2.663038519202777010e+00,2.586681956984314024e+00
2.724159363119933008e+00,2.628203371694393109e+00
2.653393717973867805e+00,2.685354820665064146e+00
2.522275710711340047e+00,2.635579395024589378e+00
2.531548405307098459e+00,2.617943678397821383e+00
2.434856967400094607e+00,2.657524864456324742e+00
2.581935155534015536e+00,2.660212458749106279e+00
2.530169223328666561e+00,2.650512381870960166e+00
2.591728570964805911e+00,2.653466173486440649e+00
2.488302548677820081e+00,2.660162530142054838e+00
2.458738864013044978e+00,2.679736767535694675e+00
2.514508397085166713e+00,2.701545923729077980e+00
2.471200108881375090e+00,2.706426318118335228e+00
2.400398997509501697e+00,2.702060186719953183e+00
2.197615720083114788e+00,2.810954123371210311e+00
2.182512652683688437e+00,2.858632717422604053e+00
2.369764939954754457e+00,2.881602427028893132e+00
2.379750863112416681e+00,2.757675235167369010e+00
2.359152936814139956e+00,2.770678139040534838e+00
2.229463965348781329e+00,2.790189627569160891e+00
2.330183536576648784e+00,2.890335272160795999e+00
2.335718659609692160e+00,2.819066298064142106e+00
2.315683932119160904e+00,2.814031549879428162e+00
2.357764265330584141e+00,2.785725008323804985e+00
2.269338627299345656e+00,2.746702398396540179e+00
2.255772400304647984e+00,2.869186501302445347e+00
2.422183352939453194e+00,2.811917561122833753e+00
2.488476492686298336e+00,2.813045303388567842e+00
2.513712887648337002e+00,2.767753702807755900e+00
2.586398863940414294e+00,2.837446038155007955e+00
2.495271794663076026e+00,2.755215366040752123e+00
2.494671906531840122e+00,2.829144705164534201e+00
2.444084604075241085e+00,2.786537910996977008e+00
2.542679801146844998e+00,2.836628206500010574e+00
2.419263281014840672e+00,2.737476217300435888e+00
2.533656076577956995e+00,2.759956506017132938e+00
2.526931553029004185e+00,2.787277918839340618e+00
2.425277344281304259e+00,2.789318373780020011e+00
2.635087749865206330e+00,2.831646835194193912e+00
2.673161936570793706e+00,2.819396220396448438e+00
2.711356865418852014e+00,2.755897930579624955e+00
5.370982620908834271e+00,2.897488860698932189e+00
5.326635814809628222e+00,2.974256009551644375e+00
5.362321366612706086e+00,3.028417604392544593e+00
5.384745871657559135e+00,3.052408959009067058e+00
5.424103290252916487e+00,3.003927509947684094e+00
5.427382375044812690e+00,2.949679534365508005e+00
5.398128743574265087e+00,2.972708790614964958e+00
5.404472477516230278e+00,2.985977619380856929e+00
5.415557086045191149e+00,3.017070867363521369e+00
5.801528937176986034e+00,3.005861905407552381e+00
5.799724768046614187e+00,3.166009779896660437e+00
5.785072798271236216e+00,3.273808566456827940e+00
5.804472947750252132e+00,3.204521767820101008e+00
5.747464328403744105e+00,3.091056376383265025e+00
5.423376295145284409e+00,3.229195501453419936e+00
5.415290396526296846e+00,3.158577154688349875e+00
5.427163061586437465e+00,3.085074941351673150e+00
5.416526059900952816e+00,3.191228334923377652e+00
5.414641502386956518e+00,3.137637621881730343e+00
5.434505608050504755e+00,3.241732667415610170e+00
5.438529103619000438e+00,3.159740656768405209e+00
5.391652324082004455e+00,3.151497690178648003e+00
5.342938158071907750e+00,3.212970843819975109e+00
5.393065331245072258e+00,3.113363232117800194e+00
2.439667329435278198e+00,2.924988292857548355e+00
2.325656261111340051e+00,3.076704292234602178e+00
2.309419432079702350e+00,2.979403990955684201e+00
2.298960849188137257e+00,2.904081712648813873e+00
2.212850210767520309e+00,2.947923731139548309e+00
2.322258307574986080e+00,2.937447162069804829e+00
2.208211519463402439e+00,2.979175327707044296e+00
2.243778761282900991e+00,2.949162804287590589e+00
2.155444788593493310e+00,2.947207266021042216e+00
2.161250440072738588e+00,3.082169326763549044e+00
2.019369592648427858e+00,3.049023588657151063e+00
2.119985296065741931e+00,3.052223308728534867e+00
2.030400410561645774e+00,3.069688548832412156e+00
2.094252216552480395e+00,3.103869698243740594e+00
2.148600455478557603e+00,3.043461490341239806e+00
2.114348544190717938e+00,2.970270780255055865e+00
2.167957765734280784e+00,3.028101046682809994e+00
2.093293525863825000e+00,3.041981682656465846e+00
2.111323243483366419e+00,2.925954069974286753e+00
2.126883087995880217e+00,3.071579959141756078e+00
2.151021705033052012e+00,3.022246214098450068e+00
2.004870643546976972e+00,3.042477746247628012e+00
2.189625043457116504e+00,2.980111520620840171e+00
2.002182835377583903e+00,3.076069528528146080e+00
1.972554753267091954e+00,3.215873051196238563e+00
1.865076808911301676e+00,3.265532651847760093e+00
1.943999866170360358e+00,3.131845902552528038e+00
1.986504819688622803e+00,3.187074531648820042e+00
1.947092135289450354e+00,3.261316544827907116e+00
2.031183786786577183e+00,3.113053973611928260e+00
2.071252855387005987e+00,3.281415900440454170e+00
2.078063128847645213e+00,3.239961828949661005e+00
2.026020522616275077e+00,3.235541859417232491e+00
1.998488224224556742e+00,3.178860112876914279e+00
2.161921685663933168e+00,3.123509280740017768e+00
2.139103645931776043e+00,3.134103303256079887e+00
2.070517568544968157e+00,3.138204566979184928e+00
2.114276966937833180e+00,3.126797785647309702e+00
2.150182675886839423e+00,3.205915627186363803e+00
1.987069395617840906e+00,3.205171297419699528e+00
2.264071346990668143e+00,3.137760709462107833e+00
2.187966871424463999e+00,3.166630928313138416e+00
2.219243181064176174e+00,3.160191941566624418e+00
5.465108990418772628e+00,3.418917216589302033e+00
5.399411370026197865e+00,3.350191604233386133e+00
5.387423024651671000e+00,3.338428165073210163e+00
5.421155370321315559e+00,3.419451680414353767e+00
5.436376982909703059e+00,3.390337725312073669e+00
5.440107833246710989e+00,3.399321242659124831e+00
5.413746985532296385e+00,3.329655417877652290e+00
5.458491073509751601e+00,3.435873332629094001e+00
5.434247168789764437e+00,3.354965080474627381e+00
5.458871850551712868e+00,3.461929670492386535e+00
5.447291410572407067e+00,3.309088996651721626e+00
5.457365482425550418e+00,3.449023565468837926e+00
5.448850359517376951e+00,3.366810996396692790e+00
5.469725237062122325e+00,3.296455241784880030e+00
5.805238794287231663e+00,3.326322912267101639e+00
5.788813452490081168e+00,3.431517899561148166e+00
5.778260679928883370e+00,3.316339195129037964e+00
5.786632019577857555e+00,3.449197811850890805e+00
5.805473200415870672e+00,3.417653567934908931e+00
5.793781995094992254e+00,3.349193339501802757e+00
5.787257254400698159e+00,3.583054562376629004e+00
5.794051027345031635e+00,3.598148239417456651e+00
5.784370910329845294e+00,3.558995652650840835e+00
5.795155954891307637e+00,3.502084429461993054e+00
5.804712170783992597e+00,3.564428553367267938e+00
5.783610692088054783e+00,3.513105577765160970e+00
5.431031329809897557e+00,3.526719851726398236e+00
5.424102191924784933e+00,3.588145291742701026e+00
5.440979841142913997e+00,3.508682890043408609e+00
5.427749753959035139e+00,3.556022989848605764e+00
5.435982456207026026e+00,3.630087798540853061e+00
5.412008768942770942e+00,3.513823534976296958e+00
5.436464147834851879e+00,3.579241128363034541e+00
5.445120840163700571e+00,3.533790068932570971e+00
1.999903162411178492e+00,3.455931049173466718e+00
2.017381493726802422e+00,3.346260816525768789e+00
1.978114932470544707e+00,3.487484570662974015e+00
1.989112509825781583e+00,3.473378032940234839e+00
2.022419260597036583e+00,3.439644505232243077e+00
2.061775705336565956e+00,3.343566102704093268e+00
2.121908994794557746e+00,3.334163834878594912e+00
1.875634554411654831e+00,3.386864545969346274e+00
1.945709760022148904e+00,3.355385784092949741e+00
1.952103108993210379e+00,3.306268154470295872e+00
1.807882981360043217e+00,3.476050805828020174e+00
1.937170722320842309e+00,3.415253081911923783e+00
1.859116615431910757e+00,3.420932244054220028e+00
1.833066530847852871e+00,3.371369474467325045e+00
1.969486163196940920e+00,3.393148484655489128e+00
1.903643146482592030e+00,3.420919062501309060e+00
1.894186803439104061e+00,3.370206481142176802e+00
1.932081336658321602e+00,3.374921950332638421e+00
1.824481146257670883e+00,3.415459681489099175e+00
1.912627493158722380e+00,3.394207353547188166e+00
1.788319518157640342e+00,3.554702413458899812e+00
1.908960753665816856e+00,3.640172198953287808e+00
1.904002099511691970e+00,3.515079583292012089e+00
1.815801907414805960e+00,3.579013466959604095e+00
1.825861574790008879e+00,3.531780103682441663e+00
1.837699793815219973e+00,3.671370473634268716e+00
1.858357353958554059e+00,3.642650617679344727e+00
1.862899343958534404e+00,3.561177036994734202e+00
1.854402351514258029e+00,3.523396471660032780e+00
1.818392459839168085e+00,3.599345187347835928e+00
1.806456695283451097e+00,3.632397642909082514e+00
1.771567899870401641e+00,3.660917387035816706e+00
1.865088250047663987e+00,3.618331637084895025e+00
1.803175186577706812e+00,3.541944358046816177e+00
1.869251550799008843e+00,3.547209091634966782e+00
1.883600205490882473e+00,3.627434921162905557e+00
1.753433744802900041e+00,3.651997656644629053e+00
5.417222621795609427e+00,3.743387534114343218e+00
5.463067184512245156e+00,3.732799636107304142e+00
5.432972163740513949e+00,3.785423686697609647e+00
5.412574079735788857e+00,3.782116568048285110e+00
5.418102721068487782e+00,3.814064848790040596e+00
5.370539799307784357e+00,3.731443048972948873e+00
5.394351820619354143e+00,3.721665297687140050e+00
5.455232835329214325e+00,3.833368655801656644e+00
5.455311376719417460e+00,3.758975320811627885e+00
5.474786576808064353e+00,3.692421636230467374e+00
5.795176419980829330e+00,3.833884218469456151e+00
5.815241644879980853e+00,3.767525211582352096e+00
5.774687351856088391e+00,3.713599668058929382e+00
5.788554281010588554e+00,3.934228833816844961e+00
1.815571130537444011e+00,3.767736446244073001e+00
1.915978934593366878e+00,3.736373847874208121e+00
1.809624703603782914e+00,3.804159522179552777e+00
1.875531710375128780e+00,3.820987102669766156e+00
1.844924424781860806e+00,3.688655052949216806e+00
1.791759903192133629e+00,3.821235705705261054e+00
1.838267508115672744e+00,3.724058382816785695e+00
1.808275687233432016e+00,3.870517057506889014e+00
1.804457902317859963e+00,3.776760646839659952e+00
1.732602007739646899e+00,3.835219539125113819e+00
1.749143265056564811e+00,3.749680725016678817e+00
1.729879093859302053e+00,3.798669550549808704e+00
1.753333769946259002e+00,3.818621132583460920e+00
1.681569517494621913e+00,3.969807352889654251e+00
1.677089484338406766e+00,4.006361875279240259e+00
1.673866471145893264e+00,4.028299296537241503e+00
1.700815003787095492e+00,3.980532010404945531e+00
1.744778419324439778e+00,4.042005033816075787e+00
1.788513465888503573e+00,3.890480865371142016e+00
1.842241568741550317e+00,4.075169658094478287e+00
1.833406596463541094e+00,3.943869663999879815e+00
1.847384492929419197e+00,4.044708661971314179e+00
1.756454527116255937e+00,4.053479188637233221e+00
1.870030125391770381e+00,3.911401661410728980e+00
1.788799490809426018e+00,3.928758963911760826e+00
1.853927485274004860e+00,4.065629639630881975e+00
1.802950042315518919e+00,4.020054881165087579e+00
1.748165043332753132e+00,3.995076897930397219e+00
1.847501613387320774e+00,4.199717217284929305e+00
1.809162854945016941e+00,4.086848344560671364e+00
1.812609213713531009e+00,4.198106623250941638e+00
1.796594436430831498e+00,4.241316156997701370e+00
1.801291829003523137e+00,4.176662471869534876e+00
1.901624250649274428e+00,4.247749346370119028e+00
1.926634506625843901e+00,4.229683110676778490e+00
1.900840029264234454e+00,4.103389192266456931e+00
1.922289796395344030e+00,4.176181780090924889e+00
1.821152523596644812e+00,4.171480964013143833e+00
1.868492225826545949e+00,4.161517271636885340e+00
1.825379658370936298e+00,4.407379517089127674e+00
1.839360083590864781e+00,4.333223614166358040e+00
1.948559141969391062e+00,4.432667465926939165e+00
1.997382893709884977e+00,4.385009708092229452e+00
1.981666856978383517e+00,4.392318889465421705e+00
2.057833318838390380e+00,4.398712927689066632e+00
2.167333309862826241e+00,4.562184102149912768e+00
2.120351415023261410e+00,4.691322556308101355e+00
2.155664633232848182e+00,4.612007723790349623e+00
1.995041865214473020e+00,4.549441547122994756e+00
1.955447103415081989e+00,4.495948383845846941e+00
2.082835445743204339e+00,4.619270763058488605e+00
2.016821538226467148e+00,4.518051327922530724e+00
2.177904771840712073e+00,4.720742794085587057e+00
2.179497822455046752e+00,4.737201376919461637e+00
2.165488122188456988e+00,4.781716848548639653e+00
2.444370237168259852e+00,4.907521601569079017e+00
2.461048405343416068e+00,4.819369950835960204e+00
2.443313420748688181e+00,4.880829408621857546e+00
2.691938062744043236e+00,4.992588098797488882e+00
2.620998078030083889e+00,5.011412719750287792e+00
4.138803488147081211e+00,2.084294087300206044e+00
4.940878718107928336e+00,2.366215776319871900e+00
4.338842191281020888e+00,2.230841270096143969e+00
3.791024642007204903e+00,2.203109237987089575e+00
2.910354419805221582e+00,2.532850075362186537e+00
3.368133260422267128e+00,2.542216715848072184e+00
3.451911338494555004e+00,2.387442259452170479e+00
4.080806489111759028e+00,2.578808197481273989e+00
4.368509239036750813e+00,2.528988589517559227e+00
4.519481177651628379e+00,2.515396031260500376e+00
4.717229703718788691e+00,2.536950904521680261e+00
4.861027038004862355e+00,2.519707264249639866e+00
4.344265072316861875e+00,2.816722903657788990e+00
4.259737886079804525e+00,2.633531004151523192e+00
3.989039791631106002e+00,2.645487573621244426e+00
3.617243855168058797e+00,2.688333903434990457e+00
2.783776913860827928e+00,2.657801347424726846e+00
2.968464579290073679e+00,2.844263254876140401e+00
3.711006689765828703e+00,2.855456050806510770e+00
3.823947562438839931e+00,2.961591483248450452e+00
4.841215481506805141e+00,2.933201189462662395e+00
5.807572799745246428e+00,2.919390772094710762e+00
2.413276904323701011e+00,3.011047939078197011e+00
3.480957575428647921e+00,3.318081305809001069e+00
4.009955313018526368e+00,3.263442721016036163e+00
5.275465446282232129e+00,3.566544660448788484e+00
4.870870081135108443e+00,3.592934194489379784e+00
2.999500863785081073e+00,3.446100895507840267e+00
2.931172830835317100e+00,3.435150610331020982e+00
2.079137776766855517e+00,3.386068863248192340e+00
2.051761073200058405e+00,3.650277267969444850e+00
2.392675178163705674e+00,3.515640115315040060e+00
3.115988622695008203e+00,3.787865872348665786e+00
3.050920182365339794e+00,3.821681246983652969e+00
3.023540211596430716e+00,3.780836729955975972e+00
2.815711955392081300e+00,3.846469366261166201e+00
2.230559286820763099e+00,3.778353510521207159e+00
2.603404534849123930e+00,3.975715019737478872e+00
2.739985676919937774e+00,4.019117602720929661e+00
3.081801020160863214e+00,4.103953776438398648e+00
3.128367675038528528e+00,4.015021672884328652e+00
3.222880543633344974e+00,4.326010929951880968e+00
2.008625010028704860e+00,4.232943656235896412e+00
2.094170382423786503e+00,4.156152637236972147e+00
2.625164652127348841e+00,4.419553176478580703e+00
2.691987737558932281e+00,4.434518348239827823e+00
2.606916306394324145e+00,4.437700928073962103e+00
3.149971847132452929e+00,4.495913922473006252e+00
4.969999567638696547e+00,4.515605476733989931e+00
3.382016815944653754e+00,4.687696469168685987e+00
2.773540009604458234e+00,4.594013762542633827e+00
2.816382287600416756e+00,4.673003940526979427e+00
2.937120837209892699e+00,4.770908931441063316e+00
3.163581211428982076e+00,4.900570549883454419e+00
3.461945369448352849e+00,4.831605091928009799e+00
3.384796268101997629e+00,4.943933469073195752e+00
2.796364190644470948e+00,5.138341585432060654e+00
2.766599936865004050e+00,5.010747914188335983e+00
2.518223050240788297e+00,5.008809402859103699e+00
2.998285791894780061e+00,5.157316413630881335e+00
2.972637580606293017e+00,5.285444338754692772e+00
3.199908384552224927e+00,5.308000822826659970e+00
3.458965099520189046e+00,5.216506165057283262e+00
3.393973310297702550e+00,5.273851090647199591e+00
3.631560110803627950e+00,5.505660982820452354e+00
4.570256945163813533e+00,1.796304003671470362e+00
5.133824393011892084e+00,1.995201995205556411e+00
4.281870022469468573e+00,1.870635353341532969e+00
4.147548010474713998e+00,1.958024332708500070e+00
4.942045733401963403e+00,2.096103126782284942e+00
5.214916776035073198e+00,2.143974917530328206e+00
5.481130841827382305e+00,2.466474951790591064e+00
5.323823306048523385e+00,2.331268019809631831e+00
5.434037382407219674e+00,2.391737798356821987e+00
4.637285478165791730e+00,2.293371861076533680e+00
4.170052823456215307e+00,2.425139120582271879e+00
3.923791865875329687e+00,2.750415975917672284e+00
3.862083307581347213e+00,2.746144356751663018e+00
2.581458693794534298e+00,2.628692745084229010e+00
4.889549110736028936e+00,2.977163611849740210e+00
2.881992087953374693e+00,3.001228557023738031e+00
2.701720334180540029e+00,3.245960213448312981e+00
5.803588041587113722e+00,3.624411594802841918e+00
1.953105503632949658e+00,3.502697491770164095e+00
2.996309010664162553e+00,3.569495858776669639e+00
5.104895220294432434e+00,3.750050786360453525e+00
5.271420109676342669e+00,3.953027414896650882e+00
5.058141892139719431e+00,3.886282063773592199e+00
4.916929447911561724e+00,3.921892117900923846e+00
3.081923615430088859e+00,3.771506490514028975e+00
3.072040568606421829e+00,3.814327839677488896e+00
2.286618310464326065e+00,3.894607475112397132e+00
5.053140368773450852e+00,4.118148951035420779e+00
5.760848335024462585e+00,4.475471327405337263e+00
3.976248311490304665e+00,4.215995146313599840e+00
2.847143825947170193e+00,4.250477196828377657e+00
2.908606111028592789e+00,4.228208275883059919e+00
2.272892688782988113e+00,4.187790699120410132e+00
2.307285278930084171e+00,4.129169380143382639e+00
5.127010193710487052e+00,4.811639707718664560e+00
2.804509761150500768e+00,4.720469782167189265e+00
2.425873530429352165e+00,4.862721439955157265e+00
3.093628391209292339e+00,4.898759728488900400e+00
4.581465078308255556e+00,4.935262996825604986e+00
4.985571741053949069e+00,5.018178805040379942e+00
5.449224436488965928e+00,5.079980672446580137e+00
5.481520562234289962e+00,4.914538519463940602e+00
5.373851634325276017e+00,5.178195401367698736e+00
5.323092080094105505e+00,5.133669152280242898e+00
5.010762884905061831e+00,5.198682182856538603e+00
4.132869837911161248e+00,5.076576785321299745e+00
3.050108149243860645e+00,5.006613255037907884e+00
2.386896240490424148e+00,4.986969837668167038e+00
2.431030446650736199e+00,4.987154426333821000e+00
2.642081644043681177e+00,5.189080780797125314e+00
4.872949610027913714e+00,5.427572180343171127e+00
4.971205698131780260e+00,5.263185722116114462e+00
3.490680424030177420e+00,5.453408876896050472e+00
3.340303769564190617e+00,5.465013044374167350e+00
2.957018962821286401e+00,5.462716950174393737e+00
2.826271768364844839e+00,5.339218512557340368e+00
2.437105402741669202e+00,5.488738632641072535e+00
3.983999110129108789e+00,5.924802586609148491e+00
3.664663452971001600e+00,5.827498812623425728e+00
4.949198986846353066e+00,6.210089214161325977e+00
4.748628391692007789e+00,6.260094255708090749e+00
4.349522999683374636e+00,6.247307608036144266e+00
4.494365265976830059e+00,4.249539171371432111e+00
4.015769791237877584e+00,4.341698576107779317e+00
3.412001727269668550e+00,4.405994280543276354e+00
3.741863216770324740e+00,4.509362723072403156e+00
4.775801733702570218e+00,4.740775837102874313e+00
3.563309443905968710e+00,4.725473454056331235e+00
3.611215218650068781e+00,4.947341040898922238e+00
3.584588089541204337e+00,4.837978978762246918e+00
4.166234059882802931e+00,5.007381945827416025e+00
4.397437614802580441e+00,4.978835982452220144e+00
4.758433185083832839e+00,4.904583801949168986e+00
4.782430311871659789e+00,5.179727146287113726e+00
3.873254541418545749e+00,5.031146486282778163e+00
3.590637837550753719e+00,5.105740723723514840e+00
3.571509976435782718e+00,5.029248989227033562e+00
3.653579756491939889e+00,5.208312459477059342e+00
3.841743602471027863e+00,5.328434180535841946e+00
3.672074639357221670e+00,5.247654165121010017e+00
3.849080120760504986e+00,5.310260307994613349e+00
3.881983359307838111e+00,5.294354468100272548e+00
3.930641441889246135e+00,5.315463367164962705e+00
3.880210293956552814e+00,5.319861240810918268e+00
4.160873375860242973e+00,5.350238038959823861e+00
4.672352375805819413e+00,5.307399167443874077e+00
4.772932947883986365e+00,5.374514445987819578e+00
4.765488709752802698e+00,5.397868114610706591e+00
5.315204464747374402e+00,5.422697545326134794e+00
5.114517345052272290e+00,5.610301744006237712e+00
5.109623655546693399e+00,5.561029159078214157e+00
5.120798828045015405e+00,5.573732479638994874e+00
4.082658379561064699e+00,5.509983262920546743e+00
4.127567149541029323e+00,5.582859227826758364e+00
4.097906414886566040e+00,5.510564173208207350e+00
4.143384865374620141e+00,5.462185231218132486e+00
4.108020792888968487e+00,5.558090813668750130e+00
3.969389797960678035e+00,5.438218323535347842e+00
3.963973846022595282e+00,5.517626501083257473e+00
3.982317624362748720e+00,5.423721709779610656e+00
3.972429221605539240e+00,5.508299235030844621e+00
3.880113923914140894e+00,5.547673133082296815e+00
4.045016257624903133e+00,5.584045164310865950e+00
3.776763646023626020e+00,5.410545664241601216e+00
3.826249247059103187e+00,5.457515983260567971e+00
3.577625847158148797e+00,5.664386400173272662e+00
3.788663413768158961e+00,5.686419500578434594e+00
3.666691557008944891e+00,5.726313090207284517e+00
3.963940251920262892e+00,5.610947684332206364e+00
3.973138912513006105e+00,5.635337461965400863e+00
3.857122501781815149e+00,5.787548768471120653e+00
3.921381831341756996e+00,5.720231234226369921e+00
3.911413366406939929e+00,5.672002655132402538e+00
3.961523719828282886e+00,5.667478799436470815e+00
4.640682744401562587e+00,5.688940609547173288e+00
4.791675040121461393e+00,5.714540145785120373e+00
5.016610693110137298e+00,5.785826555326368137e+00
4.947113741821382860e+00,5.842717002838526241e+00
5.131077937771217456e+00,5.704547315763249138e+00
5.113407136423804289e+00,5.731458716655629893e+00
5.691688882612677247e+00,5.981726854771932445e+00
5.686325440028297429e+00,6.012230875753257209e+00
5.718870859355991598e+00,5.927421772458832727e+00
5.737941506219764065e+00,5.950855245209032418e+00
5.705373171820541600e+00,6.075672928889012780e+00
5.298332427930476207e+00,5.984197452199484957e+00
4.906428912009276999e+00,5.964146595286868191e+00
4.949930989201977383e+00,5.901417738672740221e+00
4.698279151357448669e+00,6.013005213203323152e+00
4.675796806155400276e+00,5.946381032338375228e+00
4.713099075595539311e+00,6.007177401884664647e+00
4.671267141085079899e+00,5.898492118295417086e+00
4.581668691902495816e+00,5.998759974245582605e+00
4.619095849621713157e+00,6.000940099599041844e+00
4.069506444057823913e+00,5.980702314356157956e+00
3.859891843791049659e+00,5.823212712527081614e+00
3.660799783332273627e+00,5.866869406260390107e+00
3.641616825945193980e+00,5.837535017415757643e+00
3.143637264669053799e+00,6.043452681567539564e+00
3.167468945476965114e+00,6.005183319630528871e+00
3.145335934766743780e+00,6.084970674673169988e+00
4.100594009112885630e+00,6.131985030812000304e+00
4.066603077866048466e+00,6.087136890635708397e+00
4.101895552827561353e+00,6.111311483438101710e+00
4.238249930006904975e+00,6.192364866806881807e+00
4.607049243400522798e+00,6.194392938321861664e+00
4.616642312356976419e+00,6.041515844561983428e+00
4.878417420754929346e+00,6.086349765974969905e+00
5.206200035177563024e+00,6.148453204500856195e+00
5.190205837402661615e+00,6.247502843526717697e+00
5.186121897137835113e+00,6.154660403259213375e+00
5.214522940144339813e+00,6.229127357327533865e+00
5.153393358673253211e+00,6.200268880684655315e+00
5.169221610068621686e+00,6.222058641951128344e+00
5.187529270411194382e+00,6.226729945748612494e+00
5.203937931066746181e+00,6.190582342764344936e+00
5.264507635714674727e+00,6.122580159815817602e+00
4.927065996407385740e+00,6.326323399343207754e+00
4.262397086548891600e+00,6.379254387967948858e+00
3.909073281130515110e+00,3.743591406578294922e+00
3.855918274175965887e+00,3.760400734621424768e+00
3.801311328182022997e+00,3.697660230499161482e+00
4.147356923701021714e+00,3.649697895940223091e+00
4.018692532138840257e+00,3.772535267284991889e+00
4.169653561376332362e+00,3.708124802160542188e+00
4.353338706457071439e+00,3.641172091107785835e+00
4.325988960196318622e+00,3.794483036673705012e+00
4.359736885635093095e+00,3.751002168622469490e+00
4.114680709505348588e+00,3.828641833999094857e+00
4.117767761301120544e+00,3.973832280665779315e+00
4.013274500512952869e+00,3.918629473705391941e+00
4.053764135558784787e+00,3.924845558472327856e+00
3.716411964442912108e+00,3.868626801383664215e+00
3.608348863914383919e+00,3.860724612054747151e+00
3.612219393389041411e+00,3.839967386844149733e+00
3.679894945559456954e+00,3.930302614805173178e+00
3.638113575539587252e+00,3.923745904127380779e+00
3.434832160549158075e+00,4.086924415954996448e+00
4.010472011211962950e+00,4.148100780298001666e+00
4.054427719102742245e+00,4.183973689570924748e+00
4.174132585492636771e+00,4.113121536740398376e+00
4.448689746333437611e+00,4.117360240909007096e+00
4.665196639666602252e+00,4.148522566663061184e+00
4.659162038907405545e+00,4.054377040822683576e+00
4.779313213692493179e+00,4.282214743022008996e+00
4.683734483677295835e+00,4.327913033056120184e+00
4.709409315213198610e+00,4.363810232365183950e+00
4.192764946418986227e+00,4.345899721767372270e+00
4.234576855862542288e+00,4.294599413291654066e+00
4.151870602653048081e+00,4.308877271207170345e+00
3.608877283414103854e+00,4.220319054571560535e+00
3.897571968601436954e+00,4.531661543972939299e+00
3.824473478611809529e+00,4.461510917378532781e+00
3.816752121173897727e+00,4.488070493066834921e+00
3.845360227560464139e+00,4.539841521482721909e+00
4.251577876353517915e+00,4.546014265651290742e+00
4.115167384824003349e+00,4.500109781757918981e+00
4.180206440946824031e+00,4.542873662895504872e+00
4.431687644399342041e+00,4.596993065165480452e+00
4.691111794872990792e+00,4.616158631671436474e+00
4.607541220405770410e+00,4.553209969492264975e+00
4.610517141289408372e+00,4.594303658850339644e+00
4.785903955374388730e+00,4.588595452649713913e+00
4.985745265258675119e+00,4.762860759509799813e+00
4.801114947832051172e+00,4.773160731150226432e+00
4.731296462645778078e+00,4.733093844903948799e+00
4.570004418252984202e+00,4.743689199837752390e+00
4.682848909593092301e+00,4.744691559618408050e+00
4.558386398388769578e+00,4.642591812502385729e+00
4.549566889210383103e+00,4.756755094735902745e+00
4.487385238968001566e+00,4.800328498307433911e+00
4.418715343967593689e+00,4.734176270672472597e+00
4.434847746427796444e+00,4.625199659944522423e+00
4.185822927690763251e+00,4.700190067657283421e+00
3.987708222249898959e+00,4.760600573397541169e+00
3.904808957132747782e+00,4.729618506892214747e+00
3.935816578349172090e+00,4.685611917167146423e+00
3.761566806839229837e+00,4.675877979417002450e+00
3.586631506446548823e+00,4.647986352393059128e+00
3.616087143980973195e+00,4.841867968559079749e+00
3.851296290965688929e+00,4.901411565211870602e+00
3.846040219537465443e+00,4.885088482216457528e+00
3.933483381086911201e+00,4.899879057982850838e+00
4.225650583663268733e+00,4.954384392091474965e+00
4.165197793520991176e+00,4.956346542789596299e+00
4.330064340298988235e+00,5.002487163262825831e+00
4.448602974070618998e+00,4.912524203212604412e+00
4.453519885318214300e+00,4.949898779731837450e+00
4.648359484043530720e+00,4.882220736726771371e+00
4.615743256837975039e+00,4.917355049177105641e+00
4.620258118484694698e+00,5.003015041036277033e+00
4.657800078521906251e+00,5.019665838874592723e+00
4.799056975273512826e+00,4.868668376572992784e+00
4.813992441215765083e+00,4.974142589447652085e+00
4.715916742617236146e+00,5.035975911674133165e+00
4.874953917048890695e+00,4.993713041996880264e+00
4.762611096068462224e+00,4.874836393912579169e+00
4.718442481568303037e+00,4.887804650181254651e+00
4.830858319945129153e+00,4.919897195690063896e+00
5.032270299541862002e+00,5.010037348844475602e+00
5.050491915867285186e+00,4.934084159882384135e+00
5.032649753306720264e+00,4.963224506415470749e+00
5.002724458941753660e+00,5.082379848138031342e+00
5.016949183061085726e+00,5.105613899434929159e+00
4.954441688308576452e+00,5.235303150090569346e+00
4.987292527398111908e+00,5.145706698627101616e+00
4.959058018982057447e+00,5.139914647122764357e+00
5.003970796488409256e+00,5.231458414551690694e+00
4.959785971257416826e+00,5.182255096507664582e+00
4.920810744520572655e+00,5.092987562906924559e+00
4.979514388424686189e+00,5.187928792300816383e+00
4.863119020205176390e+00,5.106065742640732097e+00
4.797587073291672333e+00,5.182049947657897171e+00
4.742847904451966023e+00,5.077054803652096382e+00
4.820004411830106861e+00,5.159317361871284646e+00
4.837734317711739784e+00,5.087541336780226686e+00
4.758874149872929671e+00,5.193994164259345681e+00
4.829428488907162809e+00,5.206480317729636376e+00
4.526678545434244860e+00,5.152948617021582578e+00
4.642033111190437822e+00,5.119585707934668051e+00
4.662467023407272038e+00,5.143036054327185802e+00
4.561920275279880421e+00,5.087494272690677555e+00
4.610516955458416888e+00,5.049376743264528677e+00
4.661031811844522643e+00,5.221452048042805494e+00
4.464225866884859784e+00,5.041326629006734450e+00
4.081030762264216349e+00,5.113050603263718408e+00
4.183534429945964916e+00,5.065641115494537772e+00
3.638860865178684900e+00,5.074754060918899690e+00
3.769710485829613766e+00,5.284812444599615411e+00
3.764738574169343988e+00,5.271397187186996014e+00
3.833742063341508910e+00,5.290570417794364211e+00
4.054150193633279997e+00,5.297265442857542084e+00
4.125617674252351819e+00,5.297245230928141702e+00
4.514327813278278256e+00,5.343874668836040343e+00
4.642481574286494883e+00,5.350537423721966057e+00
4.610449973942836621e+00,5.414085854035818990e+00
4.673729764096385075e+00,5.333180242300920249e+00
4.642723785392574243e+00,5.411520004843660026e+00
4.768875081670722160e+00,5.269719563215177871e+00
4.668086670321602405e+00,5.343855756877093910e+00
4.749259156387768854e+00,5.241072066668757579e+00
4.997492398363010402e+00,5.267620253951233344e+00
4.957143627121707752e+00,5.330568978615410458e+00
4.964292674382341453e+00,5.426355844059893130e+00
5.002296708566103867e+00,5.434188318289901787e+00
4.944981681565455922e+00,5.377310063145824159e+00
4.928131244730718841e+00,5.316712364137952562e+00
5.031556443062590311e+00,5.569327647251766322e+00
4.904465064482815606e+00,5.615284588816836120e+00
4.953147200467581612e+00,5.468277249293942432e+00
4.976916021305282989e+00,5.537425124542743937e+00
4.963828465568602688e+00,5.554970047693944757e+00
4.947155846517304667e+00,5.522219307109744513e+00
4.913614135176517905e+00,5.568767665935792976e+00
5.018965063141824778e+00,5.536790829883560860e+00
4.663132118061707132e+00,5.566391309956156164e+00
4.743520943192210737e+00,5.443261442612887357e+00
4.704302480497630334e+00,5.528375773298797924e+00
4.728024870416325243e+00,5.554673085913782060e+00
4.756202500701706803e+00,5.615700763018306674e+00
4.817026187680202298e+00,5.567089072180224640e+00
4.633236272160604408e+00,5.598829867177919084e+00
4.618320020433982265e+00,5.462789843371758103e+00
4.540391402600073789e+00,5.532720484726151078e+00
4.531849025293444910e+00,5.577031280442864336e+00
4.583276032523550647e+00,5.542173371533590576e+00
4.626710351658233300e+00,5.564045549021957804e+00
4.273816482643031378e+00,5.569837882393905204e+00
4.387536175168212260e+00,5.618701353766942574e+00
4.352158546750973578e+00,5.518050668765577704e+00
4.318202040728994717e+00,5.606879578476045900e+00
4.174572476197940141e+00,5.509506444851325568e+00
4.223274275999032490e+00,5.547483968949714850e+00
4.194246489408494760e+00,5.448530708883540186e+00
4.194573853970304356e+00,5.585989382204204823e+00
4.017365233418934700e+00,5.521298414599592697e+00
3.964614851154359965e+00,5.541840636599371983e+00
4.024665616825816805e+00,5.454870742338403744e+00
4.163861990091536569e+00,5.723279834939154043e+00
4.174803676472680358e+00,5.728984215762428001e+00
4.376350588294509514e+00,5.673884472128015055e+00
4.523343345016534123e+00,5.668543798684302359e+00
4.548283851736920624e+00,5.659098116380707921e+00
4.618437073746764376e+00,5.737554821669847982e+00
4.651987774731872527e+00,5.759563940286448691e+00
4.604331256066970468e+00,5.707886137765746604e+00
4.685194152294989145e+00,5.765998683710697570e+00
4.673751278529956643e+00,5.680303053117191858e+00
4.766686892685135568e+00,5.715522872368917540e+00
4.748948387859799780e+00,5.773925463830710036e+00
4.839286896425170070e+00,5.798310766244605396e+00
4.836472679189295576e+00,5.683319353382723094e+00
4.680415307122469670e+00,5.744733507185840082e+00
4.965004880940015575e+00,5.828262212866142100e+00
4.947762841716066617e+00,5.717863740964205022e+00
4.896490762327925239e+00,5.687284029779917205e+00
4.959241682303431986e+00,5.797666227604437061e+00
5.002236590272700845e+00,5.707127732805708398e+00
5.155565806799955020e+00,5.944291501910239361e+00
5.118483723955784548e+00,5.988634694431804739e+00
4.768452906540040281e+00,5.920288813580773635e+00
4.825453956850206616e+00,5.982117719182936000e+00
4.718101858480033606e+00,5.857553053217756656e+00
4.582015127749727412e+00,5.918212734058728941e+00
4.593620566273903805e+00,5.853975726339329277e+00
4.355578185347981801e+00,5.844336786799092742e+00
4.275656777732543823e+00,5.983538733897674433e+00
4.412498829114976928e+00,5.945188754433460510e+00
4.223301044092766965e+00,5.958305998396077108e+00
4.228003611973712772e+00,5.864395772958296504e+00
4.093996575655321379e+00,5.861137896431160677e+00
4.189045667154410069e+00,5.828948578452703977e+00
4.098959917821923149e+00,5.941363035584211971e+00
3.491777992870769065e+00,5.942723672200829199e+00
3.372684250931235805e+00,6.055021794890972586e+00
3.474436827890019952e+00,6.020618419051841919e+00
3.711698860667048017e+00,6.144077852980078802e+00
4.000602281735912591e+00,6.164024441601887006e+00
4.233413328707323231e+00,6.155540335870215429e+00
4.242892292716885727e+00,6.071487185415631593e+00
4.506236075268458485e+00,6.125191291026617968e+00
4.508687057715351720e+00,6.069044066906331913e+00
5.001894381263279676e+00,6.146859731816772587e+00
4.934473201388329677e+00,6.147474120849124368e+00
5.025835201785159079e+00,6.136706646475620808e+00
4.854958598531362135e+00,6.073766753115068973e+00
4.937477615917395646e+00,6.107840153874021460e+00
4.878040277423751014e+00,6.170607081642099701e+00
5.079671422689851390e+00,6.107651714276351562e+00
4.514933837723972054e+00,6.334086959359765068e+00
4.282703199277021255e+00,6.301008781910244494e+00
4.121268804299899280e+00,6.313288767075938779e+00
4.050460609716016513e+00,6.305647248180583198e+00
4.222277765184065501e+00,6.333975853407672219e+00
3.923362762736645859e+00,6.371799784063124861e+00
3.995237775671053981e+00,6.305973107391398713e+00
3.881884182809427930e+00,6.361547259452790648e+00
3.935376610836831102e+00,6.328926372682940560e+00
3.807526711843693068e+00,6.293841487577372718e+00
2.890326312625256744e+00,2.398561700642597661e+00
3.305599042303920321e+00,2.886933866808308657e+00
5.120202345679799372e+00,3.116363782333496424e+00
2.923147008494671795e+00,3.078056113131837357e+00
2.997922839234702153e+00,3.392908334997904785e+00
3.662707062661334056e+00,3.635593177732467929e+00
2.971847699514310825e+00,4.056106478178839403e+00
4.553947311864207315e+00,4.067093003911469218e+00
4.028249053089933973e+00,4.305563343221545658e+00
2.655240324932025775e+00,4.253791319474220067e+00
2.252224916633370544e+00,4.248987263998095010e+00
2.808585619756249763e+00,4.512516577059232148e+00
5.246520729971329011e+00,4.819759843377936726e+00
5.074263538167589793e+00,4.673070920292063946e+00
5.084977501950724843e+00,4.832034123924541014e+00
4.507678841085477117e+00,4.666843629552516859e+00
5.077559035712514657e+00,4.918418248617508759e+00
5.156397526991042035e+00,4.914144791049172234e+00
5.226017656901142949e+00,4.884061349510984584e+00
5.176242153783539024e+00,5.034231811456092665e+00
5.197258605068943105e+00,5.049688902614155595e+00
5.373854491493620600e+00,5.008400978229326839e+00
5.348140650787231110e+00,5.279404861224753276e+00
5.186473043457390020e+00,5.061831983842028038e+00
5.202534957040707120e+00,5.196834928502534368e+00
5.246636464518903864e+00,5.124749111935714474e+00
5.270059542560492361e+00,5.144262368889039649e+00
3.484155556670576193e+00,5.005293019550894229e+00
5.207861314742179282e+00,5.336778539815751898e+00
5.398631293650478113e+00,5.336352516800840995e+00
5.377080401858176373e+00,5.272779257425940891e+00
5.331801919708869519e+00,5.345458384648453354e+00
5.358200443903352372e+00,5.323807815309852032e+00
3.847518079441804684e+00,5.487942210699254808e+00
3.777168198709682123e+00,5.703774970224749552e+00
4.021708657528599851e+00,5.685207289853482671e+00
4.012646702038750846e+00,5.803997470276544668e+00
3.985356086972140055e+00,5.948890499860326919e+00
3.730084050652004990e+00,5.859857224429981137e+00
3.697135913802371832e+00,5.989840442643892260e+00
3.624768602948980067e+00,5.853954899260784828e+00
3.667128528366551787e+00,6.100148937662676296e+00
3.687380837913913467e+00,6.078121623248959438e+00
3.821563242971840690e+00,6.097818356658106786e+00
4.309608397692928250e+00,6.188463504966999373e+00
4.569134751720708820e+00,6.293151917396466288e+00
5.354037736760536959e+00,5.031488211259567578e+00
5.472035556946297952e+00,5.273623114079256879e+00
3.128958764555502370e+00,4.849030108380915749e+00
5.436775024395720912e+00,5.078057679979783856e+00
5.426892758973287378e+00,5.231247116770012973e+00
5.425858063658985486e+00,5.120824835261860386e+00
5.285006694225658386e+00,5.213821183054920816e+00
5.224514677562781095e+00,5.386558355413147758e+00
5.297365335121644314e+00,5.439283821984716383e+00
5.415451968142781070e+00,5.351698848316508439e+00
5.309346694615038942e+00,5.391823684963599206e+00
5.784152592618360345e+00,5.457376010343653938e+00
5.756701989738076009e+00,5.524097055735751383e+00
5.774735731769015779e+00,5.573567140397377884e+00
5.733937854101831100e+00,5.652376153265532110e+00
5.370547259730479084e+00,5.627597305714434839e+00
5.350292249048822946e+00,5.556996103076640381e+00
5.306436191366884714e+00,5.531717636209711131e+00
5.339873052060521985e+00,5.637124534190066427e+00
5.241780975406618026e+00,5.566264257361067891e+00
5.226769988443972892e+00,5.589275889053324065e+00
5.239941206299016052e+00,5.521190934135564277e+00
3.701316121664600889e+00,5.511227756862990823e+00
3.667420026568931846e+00,5.481231327845987877e+00
2.389795836669811990e+00,5.452307841501828456e+00
2.799115293808372318e+00,5.722103207644584799e+00
3.537834696150696789e+00,5.750016548727191257e+00
3.618815814510318862e+00,5.650989096397793787e+00
3.603968673568852754e+00,5.583400534151136796e+00
3.568046480988550595e+00,5.707660335964794385e+00
3.697089199813065719e+00,5.615846282011203172e+00
3.965102843318426551e+00,5.783492810675809004e+00
3.924370161185188000e+00,5.659035900693492493e+00
5.806728356946742053e+00,5.778389228323026927e+00
4.507657156187468317e+00,5.917917686505636432e+00
3.509900223642773209e+00,5.870749876891206753e+00
3.372558838200116149e+00,5.914750377924858249e+00
3.276408503125640692e+00,5.886730841583633911e+00
3.014385092859463100e+00,5.923704727056802177e+00
2.959528660092834773e+00,5.859477388475874626e+00
4.738133312971547717e+00,6.110491339630240049e+00
3.328937844850280214e+00,6.323393845230237176e+00
2.787677387287634811e+00,5.096893969475244646e+00
2.570962241048732722e+00,5.159262006426889258e+00
2.872538542670982853e+00,5.399611430096756592e+00
3.397265466572838566e+00,5.673381844951056685e+00
3.549240739191898530e+00,5.873903630929904196e+00
3.337786945463411925e+00,5.927501588183033299e+00
5.259248338161299330e+00,6.197957361924458120e+00
3.637963461166826118e+00,5.739599427998000714e+00
4.319499603038391200e+00,5.987201400110477856e+00
4.986932159841977352e+00,4.192460200828505457e+00
5.077654166854858708e+00,4.371977188296444439e+00
5.143382081012419782e+00,4.804310319963684073e+00
5.134262621677812888e+00,4.878378557764288637e+00
5.400523304608938702e+00,5.045114448768644344e+00
5.813144702172038158e+00,5.443503091518778092e+00
5.331352429749786737e+00,5.792444501944184587e+00
4.093259932094934328e+00,3.734469018890687941e+00
4.263366419140943719e+00,3.931574601305100725e+00
3.445502533696621850e+00,3.886412738994192928e+00
3.773823199857401445e+00,4.146231174557816423e+00
3.992144619907946890e+00,4.078201035863710189e+00
4.262226838870653900e+00,4.062664250275674682e+00
3.447062821331151827e+00,4.223190738212725392e+00
3.718581070414107792e+00,4.422882771496171372e+00
4.608851719455929086e+00,4.690650573233340559e+00
4.601007116251551565e+00,4.810159565932146108e+00
4.381060627390646722e+00,4.725925437528964324e+00
4.062841929925573581e+00,4.888756124910845990e+00
4.280089701239700339e+00,4.955764128727156326e+00
4.528459185416392252e+00,4.992963260034039230e+00
5.049397200327294222e+00,4.997671260915087288e+00
4.542585048434344408e+00,5.219064366142348810e+00
4.645990949059269681e+00,5.091955525036540919e+00
4.252142170592308368e+00,5.042382142381589993e+00
4.519191753006448486e+00,5.281249306820467559e+00
4.560028033974837136e+00,5.274601830992092566e+00
4.493699150046013280e+00,5.280404332819782276e+00
5.033620419396389600e+00,5.288345292301941392e+00
4.995405801601952689e+00,5.300151877400265832e+00
4.246051824636656313e+00,5.428321036295901791e+00
4.179245937092485264e+00,5.440102731793185598e+00
3.961848430129660148e+00,5.556105702581911387e+00
4.009881550249874138e+00,5.561025096769957266e+00
4.304866980239013152e+00,5.655181662650873520e+00
4.393034781315324544e+00,6.100044276161404433e+00
4.476780706362536222e+00,6.432193444785547776e+00
4.291853034486948104e+00,6.218030051834880112e+00
4.034916463508507967e+00,6.339875156029991743e+00
5.555173283614289304e+00,1.911504496464180081e+00
5.477488460498998180e+00,1.916384261018542423e+00
5.539625646626205047e+00,2.022858853359181808e+00
5.589097421677061917e+00,2.411655521224235876e+00
3.102800010809472209e+00,2.426510523262443986e+00
5.595050396917370605e+00,2.535475230780380951e+00
5.591614098979887260e+00,2.484423194315205308e+00
5.704713476961083884e+00,2.858284431807764925e+00
5.615660632641277239e+00,3.029087884095762018e+00
5.705731254455850276e+00,3.162720501297112907e+00
5.618807736960208743e+00,3.353285662223946417e+00
5.614037708512952918e+00,3.516171008510530438e+00
3.791204158701105609e+00,3.710394266360063309e+00
5.172540685691664919e+00,4.019785716795296615e+00
3.448380472014088038e+00,3.817951999861164847e+00
2.524936734651471060e+00,4.079131731846796782e+00
2.435740324507120746e+00,4.744191780560684357e+00
2.062552264624712084e+00,5.077171143145736920e+00
5.586383818305122873e+00,5.658014908191864478e+00
3.987220232047544943e+00,5.447831720862276406e+00
4.960640091062519907e+00,5.667885133748402637e+00
5.382694579159489123e+00,5.945607519383422357e+00
5.001522853662264900e+00,6.373674696496613556e+00
3.479449624192868296e+00,6.470620029048252064e+00
5.065698334275778869e+00,2.307094276224733953e+00
4.380197525441775319e+00,2.334043211716981148e+00
3.538912880095772096e+00,2.409905975281505963e+00
4.511075680088731055e+00,2.646650603063500196e+00
5.445282649585405643e+00,3.464055723044448420e+00
2.003790590409700645e+00,3.536903536455434427e+00
2.267918842116722011e+00,3.602711737407449100e+00
5.234226719754256685e+00,3.736033504465908095e+00
5.208132640730067209e+00,3.721674853238249092e+00
5.792527359478210514e+00,3.767808371412344925e+00
2.678535667782602214e+00,3.779018802360191831e+00
4.279048596575877994e+00,4.386229230436901716e+00
2.037663226407078199e+00,4.470197296561484457e+00
5.494846732869442363e+00,4.758105789270337560e+00
2.601579781549065107e+00,4.616604160234470733e+00
2.631449360359525702e+00,4.947333549915800432e+00
2.976520741681098148e+00,5.163435190793292939e+00
5.442016732822252401e+00,5.303966030113731911e+00
4.696719852197057676e+00,5.743896038443955909e+00
4.034394869535882222e+00,6.088450755611869880e+00
4.998202807903886935e+00,6.067356257249009843e+00
4.646008452098709718e+00,6.143106852805951590e+00
5.403923293116195126e+00,1.910617825307741269e+00
5.304130847997357456e+00,2.216607770472573069e+00
3.351270674963174212e+00,2.385005401517130696e+00
5.751131603331460340e+00,2.534759293591556162e+00
5.539324428225215868e+00,2.792957578849225797e+00
5.770633009019817905e+00,3.152913175245998900e+00
3.424772429117834527e+00,3.044907887912938538e+00
2.556372550249716991e+00,4.084982416634211688e+00
3.177717636024484982e+00,4.479792332055561488e+00
2.448095205994032852e+00,4.545897098611124676e+00
2.644681426176545003e+00,5.042620510274741896e+00
4.449268947219587211e+00,5.405910268427967402e+00
4.387240811917416217e+00,5.470218469888597390e+00
4.797535452488014940e+00,5.677675892459767226e+00
3.495368541011555141e+00,6.264706766236040281e+00
4.849178681486798759e+00,1.679759633093793614e+00
4.904446333625773313e+00,1.752523568424878109e+00
4.883656622101780975e+00,1.832708835784272017e+00
5.793823505437894816e+00,1.834566135868513914e+00
5.692122860912388838e+00,1.963496017217400746e+00
5.105234639729576251e+00,1.988900070667263931e+00
4.165187436417116196e+00,1.931711706875941958e+00
3.572299576717034242e+00,2.128888366079741079e+00
5.146014482989205163e+00,2.209302409761400021e+00
5.659705021280474924e+00,2.421797371454556203e+00
5.784167280394403754e+00,2.442676703060727039e+00
4.939946285552114347e+00,2.450656861867290814e+00
4.665607143800764689e+00,2.384973906041200298e+00
4.074514710621418345e+00,2.237564235620153941e+00
3.664439319449085630e+00,2.271690317036004991e+00
2.589990944789478000e+00,2.474192202046224143e+00
2.636908101205114541e+00,2.500122372636961909e+00
2.948370778918644408e+00,2.411320054864624751e+00
3.589759129380140745e+00,2.391338122727896476e+00
4.186317537112292264e+00,2.598967095846961950e+00
4.220463228140830303e+00,2.524230672256462249e+00
4.116336205626441647e+00,2.547429117034036850e+00
5.145772153005344407e+00,2.594019493789918585e+00
5.601380121401995815e+00,2.630236645537860962e+00
5.479382661001984012e+00,2.550863719049365042e+00
5.503358182304705082e+00,2.792054868282718427e+00
5.396807961788441688e+00,2.757649763439097068e+00
5.317567962049183805e+00,2.789084810082444132e+00
4.784620300490523448e+00,2.750396726805203862e+00
3.295671056437424973e+00,2.630704313988977194e+00
2.256557772586543997e+00,2.818792417752686408e+00
2.434216390125213181e+00,2.871771497713928145e+00
3.953452427610732123e+00,2.938304075905013413e+00
5.464207556839472346e+00,2.989381625744776283e+00
5.609265124411789927e+00,2.948078089332433649e+00
5.731907966426763146e+00,3.148427091894076657e+00
5.364520269773989547e+00,3.155151805010425026e+00
5.097231087763415047e+00,3.106972174776313711e+00
3.447481329136024009e+00,3.006197588801016174e+00
2.671308833633144086e+00,2.962020193173618754e+00
2.024024767045028206e+00,3.197610812051449258e+00
5.034125686899053598e+00,3.342834760038026598e+00
5.296798016631535155e+00,3.560348630713657148e+00
4.539855375085557476e+00,3.626113054178822015e+00
4.746190777080266265e+00,3.730593844383758295e+00
4.824712355566213695e+00,3.688641088889290209e+00
4.873691442734299883e+00,3.777559649595497504e+00
5.297894856721828027e+00,3.716445635359431066e+00
5.320702444782813956e+00,3.973677782499224875e+00
5.327510521289945622e+00,4.002036024976625583e+00
3.622585652627940078e+00,3.953498806838100066e+00
1.768639513789236783e+00,4.007339731476191602e+00
2.847032452123427149e+00,4.108896509240375750e+00
4.025098369101500317e+00,4.201158531344362679e+00
4.192321020160155953e+00,4.162763480619709355e+00
4.424014185165373370e+00,4.160279559726898668e+00
4.670977842721888429e+00,4.182940347907284639e+00
4.951842686154050099e+00,4.180031723384041165e+00
5.285495269593480927e+00,4.103036319789969077e+00
5.434013939919023706e+00,4.358069816826794174e+00
4.318427666601460935e+00,4.368861570367521985e+00
2.407519914784240989e+00,4.241407166265343420e+00
2.449981314284283229e+00,4.503654103043194468e+00
2.460507521178159518e+00,4.401697839509348675e+00
5.431457959035974170e+00,4.548472184219492398e+00
5.433198871900996707e+00,4.626672573214381856e+00
5.316797348187163763e+00,4.728959261578260076e+00
5.149584090038474393e+00,4.824449254107559426e+00
4.777610975951513517e+00,4.777059600030495901e+00
4.822098645855249721e+00,4.769457260608897187e+00
4.867542536828204369e+00,4.826914114701009062e+00
4.504781062646380896e+00,4.776295615114903192e+00
4.417145544545315161e+00,4.786002994799510191e+00
2.526718870930118044e+00,4.608204377159643705e+00
2.365926174135878579e+00,4.514516639359122507e+00
2.255051260402886282e+00,4.756335845997988088e+00
2.595063607154106222e+00,4.783655562330213051e+00
4.956896502515366620e+00,5.040583375229132912e+00
5.029045795011985120e+00,4.904958646136948097e+00
5.248077204934254780e+00,4.888983896763533288e+00
5.406092420151159317e+00,5.038801744827059004e+00
5.494572179862954542e+00,4.999445136705255699e+00
5.800123590933868201e+00,4.964097822191138931e+00
5.342796704193450985e+00,5.108556448446955223e+00
4.941424742939459769e+00,5.168192605042928101e+00
4.784214479790645846e+00,5.125892065214308069e+00
4.644225176259600296e+00,5.204796445905248703e+00
3.535646611169250608e+00,5.160716910234945054e+00
2.551104722859467877e+00,4.956113083670285135e+00
2.352993537649215039e+00,5.019580455734649505e+00
2.338963287324866691e+00,5.088439137454423111e+00
2.032974116043105628e+00,5.132427281020205179e+00
2.868756441339567864e+00,5.263624198760664896e+00
4.099840008397520386e+00,5.355990610235449090e+00
4.450943223473410093e+00,5.293774138502232773e+00
4.396822300189175969e+00,5.373795233522725923e+00
4.778815691431136159e+00,5.321603783693074519e+00
4.733994759156182397e+00,5.271002533216252672e+00
5.255054062167824114e+00,5.416051336660173909e+00
4.781712049459157399e+00,5.562072188767674064e+00
4.577046403528474805e+00,5.460080599462402873e+00
4.004346133111373440e+00,5.537536919438450944e+00
3.842318621488832964e+00,5.401809666045197744e+00
4.016165922708431424e+00,5.707678123266700432e+00
4.600047490393602168e+00,5.778183614841820415e+00
4.873227039805342109e+00,5.756368314438834233e+00
5.286706631008987856e+00,5.823891587660611435e+00
5.065171003994845655e+00,5.951179653680367387e+00
4.762514939939860525e+00,5.996121694841984429e+00
3.202130740793161845e+00,6.079923855200364713e+00
3.699762024924622139e+00,6.185481543758880818e+00
3.665614573044501778e+00,6.288367996367415280e+00
3.363386494031730845e+00,6.299108551380427912e+00
3.186510022649806206e+00,6.287435672973482603e+00
3.737633104043871057e+00,6.540537899302028002e+00
3.782268913418742162e+00,6.542604622648512169e+00
4.130779823661749006e+00,6.548318025845101253e+00
5.651623380705374622e+00,1.778642299705343266e+00
5.000387374057836176e+00,1.962608018059056381e+00
5.723102466061567029e+00,2.355307998108167933e+00
5.585256083218932410e+00,2.434979705891810120e+00
3.075422669709754864e+00,2.384574471998269107e+00
3.118844550434610063e+00,2.428552357007888407e+00
5.737108809299006573e+00,2.531622592870144128e+00
5.502472172657390637e+00,2.867279216480656423e+00
5.504557126905830877e+00,2.800414420213951150e+00
4.115954801014018116e+00,2.701538142749273952e+00
2.723650424799878067e+00,2.908666816251700205e+00
5.618748733879947999e+00,3.188837189765825197e+00
5.714941059631360787e+00,3.172318706486458417e+00
5.774914842395095782e+00,3.167001848196576042e+00
1.875858273803260978e+00,3.428414394909914176e+00
3.827704719083316665e+00,3.718802937388482999e+00
5.270682667895860263e+00,3.893165131321882022e+00
3.441450136897070244e+00,3.847118467340096881e+00
2.132017868535596605e+00,3.788963001207423797e+00
1.851461417863079051e+00,3.998144210687827105e+00
2.901083319480993072e+00,4.009385395632860671e+00
5.207153457575932620e+00,4.236043948928148950e+00
2.190415674100105292e+00,4.425749162603980658e+00
3.056092614255069950e+00,4.581041053832030308e+00
2.677736518698565327e+00,4.671085843579485974e+00
5.000331182900628058e+00,5.037456281161183824e+00
5.360002566519742828e+00,5.157164384710623217e+00
4.703044953505711057e+00,5.107718644778021400e+00
4.064773853782489788e+00,5.275715935697877335e+00
3.920907143557700980e+00,5.210698448777558944e+00
5.296425626594945868e+00,5.634246763802501334e+00
5.191292915034418698e+00,5.715454430279533149e+00
5.158414932236481398e+00,5.995094426585011682e+00
4.721937063923371092e+00,5.979093431283667215e+00
4.569168947137800529e+00,5.939481994237937990e+00
3.407952883103530617e+00,5.931779842557985738e+00
2.954333949052416752e+00,5.888843998052992745e+00
5.039102350833598365e+00,6.341420552980865821e+00
4.689574123788989191e+00,6.239532099756496031e+00
4.518309027364047381e+00,6.420669718762260558e+00
3.719050954063761072e+00,6.537980968333458875e+00
3.938080889533678963e+00,6.541819989815608416e+00
4.083098935241298300e+00,3.553498034363685054e+00
3.687429306838799992e+00,3.716744837058243878e+00
3.727500236272213829e+00,3.707000562572110969e+00
3.797157920201446935e+00,3.774842074500952993e+00
3.902899535099025652e+00,3.589620415977795798e+00
3.876545320025668762e+00,3.656244738917228787e+00
3.948395666215745781e+00,3.702313156879550426e+00
3.957525173272546493e+00,3.661089818104480198e+00
4.051733056095738306e+00,3.645995658688713004e+00
4.072242241562556764e+00,3.673216219276948191e+00
4.141730581342579320e+00,3.669598917586915920e+00
4.212834663432392546e+00,3.657769599274597550e+00
4.325816636956644423e+00,3.698843530465797613e+00
4.265661293538501653e+00,3.672219463867754996e+00
4.375306702628521727e+00,3.716284353905934257e+00
4.453180962840764145e+00,3.806717490981392782e+00
4.566103851765624277e+00,3.945477949959888875e+00
4.399831561661858181e+00,3.928247539266321198e+00
4.498880763247146142e+00,3.985293749648696870e+00
4.541644844218468258e+00,3.966848096245665811e+00
4.499482403051181301e+00,3.839477896276422886e+00
4.286248810180674162e+00,3.940579465568756934e+00
4.324277275903384954e+00,3.902126324475955421e+00
4.185845248856518097e+00,3.925000387150095804e+00
4.232935464313735352e+00,3.913549860315173046e+00
4.115014807857891199e+00,3.944103667991202045e+00
4.094882946347540909e+00,3.820126155957682013e+00
4.042056664926983345e+00,3.847323599259600879e+00
3.739325857885630100e+00,3.948701168894073632e+00
3.771734755367201597e+00,3.907005956555608783e+00
3.897766885368514789e+00,3.969778615322751225e+00
3.796795714444585190e+00,3.965031922077260962e+00
3.817636990180768741e+00,3.884903941123761584e+00
3.581766498081856209e+00,3.893173098636999896e+00
3.580907952908324532e+00,3.909557761637623141e+00
3.632818769009617643e+00,3.940443871018206146e+00
3.620754663089331249e+00,3.909299281463704201e+00
3.628830374832088701e+00,3.879101178248752113e+00
3.714715075468058902e+00,3.835405609399240134e+00
3.549371066493255178e+00,3.876191642836240181e+00
3.522844273135029791e+00,3.910990137277552847e+00
3.358235138557837729e+00,4.062713554583371689e+00
3.468307558834244020e+00,4.024980005006180583e+00
3.514985163998752604e+00,4.052644294538880310e+00
3.698727203359450932e+00,4.093660933776574140e+00
3.556755388700134191e+00,4.090367658730065692e+00
3.610640477738431997e+00,4.165842889088118284e+00
3.618983386567112603e+00,4.046196264886189553e+00
3.658497435152845867e+00,4.110601918218775630e+00
3.888408906413034938e+00,4.040068021037646950e+00
3.804455038714831261e+00,4.059411342437998726e+00
3.882218210030007999e+00,4.059284458123156192e+00
3.774055488742674935e+00,4.120971141757948430e+00
4.055171503973343583e+00,4.166655090003750672e+00
4.023711865121414988e+00,4.066209771289742037e+00
4.067504281431908453e+00,4.088537387715716065e+00
4.045657530847990735e+00,4.140993361987735710e+00
3.982477542078536104e+00,4.139810464980768323e+00
3.999301388115894973e+00,4.116566354925463855e+00
4.101784602335044383e+00,4.053926969632107635e+00
4.123505952214052250e+00,4.177769462257089117e+00
4.066023235406112768e+00,4.033494067929964011e+00
4.329296100919637347e+00,4.143743069763024423e+00
4.218418644545010032e+00,4.046885839268689722e+00
4.137355489694627408e+00,4.083956601361228955e+00
4.251099559178665110e+00,4.139644300944540944e+00
4.271041219075838669e+00,4.204770718542562236e+00
4.238336246718841238e+00,4.066652021181813126e+00
4.509547799636717258e+00,4.042058969218288667e+00
4.420622007713216561e+00,4.114633612657415007e+00
4.382408461105489650e+00,4.118088962538185349e+00
4.451863921578108396e+00,4.054700891393837381e+00
4.485468845894642342e+00,4.155859077549535208e+00
4.550319174120916799e+00,4.136333174465605111e+00
4.703696379255513982e+00,4.237492258996143235e+00
4.585890797282407227e+00,4.033342602561160284e+00
4.646430160752670346e+00,4.141152616739532277e+00
4.539359899151745203e+00,4.048697882570413853e+00
4.758434400086466454e+00,4.427622746399116238e+00
4.811279589052170458e+00,4.341748920188928551e+00
4.654730032308946441e+00,4.324318551787473375e+00
4.669261150781671255e+00,4.373987127312552126e+00
4.627360273546318403e+00,4.250997325837034602e+00
4.653121901050563558e+00,4.397703790162742266e+00
4.480468754965658107e+00,4.354375458037493374e+00
4.384340919132045045e+00,4.364456456400112039e+00
4.410551384086765836e+00,4.267252322190902447e+00
4.434903802614721613e+00,4.386702286439085441e+00
4.505746850819162042e+00,4.383265160680413608e+00
4.252421244826655844e+00,4.275830068160076713e+00
4.277210856361522318e+00,4.217196649569973310e+00
4.183821086517402144e+00,4.267703866586762373e+00
4.098365081595500392e+00,4.277470904556886389e+00
4.085465375023251688e+00,4.302885712987151834e+00
4.049790480507167167e+00,4.218321609503793646e+00
3.960120332387160769e+00,4.265530444474864957e+00
3.804468182201992121e+00,4.223693660297531238e+00
3.726646393648372690e+00,4.284296105009659961e+00
3.711589505813281065e+00,4.277229765115474258e+00
3.681442656173933958e+00,4.315222693241425489e+00
3.517235576792137941e+00,4.232545625095737840e+00
3.676646902360663827e+00,4.531707789928221430e+00
3.607511274372872112e+00,4.497353391273930967e+00
3.661696969115336042e+00,4.572298542216240769e+00
3.623462746404649604e+00,4.559486894432682291e+00
3.739023568273896814e+00,4.542728212038891655e+00
3.768712237812908761e+00,4.424964622837647354e+00
4.046718345076351753e+00,4.525833335541721958e+00
4.036823330253616504e+00,4.459541433603954275e+00
3.920589308015557162e+00,4.558631487338406174e+00
4.086866648118101963e+00,4.489620068897887784e+00
3.970065402660896581e+00,4.441250077346412084e+00
3.999321163939835166e+00,4.468164930113237787e+00
4.058147818405029916e+00,4.535766221807867815e+00
4.189315843962297059e+00,4.511692653421788712e+00
4.178073648472143020e+00,4.466945244399481041e+00
4.146525533444176403e+00,4.421297226205330944e+00
4.193837867795450869e+00,4.430600111411611586e+00
4.161156621361255858e+00,4.443024236661776705e+00
4.150506664520127842e+00,4.475489086186423826e+00
4.422536011181565918e+00,4.524845099298547169e+00
4.339691843072246868e+00,4.430330606071827937e+00
4.470945581581839967e+00,4.575689036301794133e+00
4.441525415520842124e+00,4.530043389987264746e+00
4.441798292095806566e+00,4.573779159710376518e+00
4.506644361441023428e+00,4.437989957524335338e+00
4.757116863422514719e+00,4.556901808642487950e+00
4.902800531249042137e+00,4.786896582219268836e+00
4.731348459573655241e+00,4.801871911041536656e+00
4.751190410361909144e+00,4.696037255494165841e+00
4.797598592036946386e+00,4.802779064612332505e+00
4.740629194352239395e+00,4.688278640557416388e+00
4.741874599322412287e+00,4.819672070492162952e+00
4.899152537234833460e+00,4.733923023312126332e+00
4.810018858514969686e+00,4.705288768858610915e+00
4.715506891772063724e+00,4.731392877284323006e+00
4.830578259786825868e+00,4.792990594463225840e+00
4.858236891459937645e+00,4.691059010585453493e+00
4.843578784349781508e+00,4.730245885606622736e+00
4.850953122049533661e+00,4.808195721521337340e+00
4.749470051874630450e+00,4.806970130681161635e+00
4.876132554850772571e+00,4.791066274704093964e+00
4.684260844833729287e+00,4.731283417844658779e+00
4.613703082164044567e+00,4.676167290435488511e+00
4.555473190620074497e+00,4.800240311378838776e+00
4.671863367382042220e+00,4.748154925457900077e+00
4.619398728497959183e+00,4.645571515118747108e+00
4.683228098702529429e+00,4.683304881130943897e+00
4.581266176644320787e+00,4.799518105823630698e+00
4.531478092186678630e+00,4.784354172713976006e+00
4.568222808538088486e+00,4.702712695386048303e+00
4.545502902547355006e+00,4.730178195245354544e+00
4.374273353031669309e+00,4.754444400470818621e+00
4.439734479502284614e+00,4.695431984060951969e+00
4.385886957783871054e+00,4.634860046648992871e+00
4.472269703708706245e+00,4.789929484510379254e+00
4.293599280797214313e+00,4.719812701558210755e+00
4.246015657803498655e+00,4.754217062979575026e+00
4.296317670405359834e+00,4.641900636042491257e+00
4.076580084947433846e+00,4.703634013847478812e+00
3.993792269977928022e+00,4.738212697176138022e+00
4.017557625165109947e+00,4.751193862567752113e+00
3.990314787894793991e+00,4.708773609055540987e+00
4.073924181493892682e+00,4.765774693185092836e+00
4.010384814286592992e+00,4.704803912866529991e+00
3.946003725977565768e+00,4.778610513814831151e+00
3.845047817058693695e+00,4.655145282512494376e+00
3.742740736095305554e+00,4.697761717493539990e+00
3.763215295093814916e+00,4.840191493427936642e+00
3.870575391631748907e+00,4.855261869617454096e+00
3.986136074890771042e+00,4.864539558920128570e+00
4.012890709382880061e+00,4.980840422078868457e+00
3.951339359914502136e+00,4.868392340687726083e+00
3.898843320495351872e+00,4.899700864311180126e+00
4.055743073339924010e+00,4.986743683385527426e+00
4.196119887466083220e+00,4.927509711873264919e+00
4.118699438577208660e+00,4.923178704906696623e+00
4.269284770221558389e+00,4.826653388154571012e+00
4.149533682252262601e+00,4.938713739012367654e+00
4.399259782757129145e+00,5.008624974057198642e+00
4.396773165288442975e+00,4.965482755204742915e+00
4.584172503958924061e+00,4.859642867975578540e+00
4.592160449461774263e+00,4.900890101619245875e+00
4.544829526800867825e+00,4.911727591846611674e+00
4.589480740375283752e+00,4.998890960781812609e+00
4.539684930650346395e+00,4.827672099782402526e+00
4.603714785939478915e+00,4.985499902595345922e+00
4.551892668654579310e+00,4.900853592835053618e+00
4.572644691133477046e+00,4.978631299047128422e+00
4.816347167639230875e+00,4.869847581490553523e+00
4.873286929026697578e+00,4.979706845808194338e+00
4.789327844005176971e+00,5.014769971599850606e+00
4.847264392946557976e+00,4.898377862860604282e+00
4.736426663150239413e+00,4.946551349698346201e+00
4.872323197085496105e+00,5.039752878268756398e+00
4.802042121006857123e+00,4.912710064062477677e+00
4.849497894251761032e+00,5.043196067996457366e+00
5.053273573031270338e+00,4.950768795815328360e+00
5.070809996594482172e+00,4.964951804925907375e+00
4.985091326368175757e+00,4.914881445319704945e+00
4.967880986104735719e+00,4.978824665155803686e+00
5.009471221934941987e+00,4.908845144919183667e+00
5.061122171197007802e+00,4.916574185090628824e+00
4.988175244313969969e+00,4.898722595203185648e+00
4.975353596156134373e+00,5.047609606717296415e+00
4.887956751309804559e+00,4.984787887447948762e+00
4.992227653678550148e+00,4.871370287405889954e+00
5.003023191786722279e+00,4.943386086173831018e+00
4.935071591496286381e+00,4.847905530060669044e+00
5.013268734013203165e+00,4.974872022284076323e+00
5.011312982240712088e+00,5.029898948857436380e+00
4.921217071162053536e+00,4.908203797106137856e+00
4.919291581592800888e+00,4.957446447918919752e+00
4.957869681946628582e+00,4.984522441040132534e+00
4.913086648253282895e+00,5.226858359897891049e+00
5.025280548361341637e+00,5.225697857587340067e+00
5.000941391659514679e+00,5.208047009362981150e+00
5.009380304421232388e+00,5.055327753488014331e+00
5.005343215226066178e+00,5.140703235037410224e+00
5.041491773752179384e+00,5.203731642748913089e+00
4.912085416137316862e+00,5.152244676427886638e+00
4.922154295797198209e+00,5.174605890733525726e+00
4.921361173117950294e+00,5.202238205296314533e+00
4.909462946432076258e+00,5.170010638433952366e+00
5.012870115754010314e+00,5.168880821153525318e+00
4.938014103222868378e+00,5.183297241162016178e+00
4.767669984018083618e+00,5.037587390171016644e+00
4.752634741587256073e+00,5.213098880842613525e+00
4.854460408143268069e+00,5.169256372646453990e+00
4.805935745639523304e+00,5.222661086002673869e+00
4.521217191748799102e+00,5.167618260799814678e+00
4.554790320509664703e+00,5.134007862832249636e+00
4.586385601522821709e+00,5.105861321096195837e+00
4.419018259758537681e+00,5.043924124088864147e+00
4.172180368477495627e+00,5.033442071727643352e+00
4.117585167842261917e+00,5.078777718566457544e+00
4.081121827782881795e+00,5.058308022071162924e+00
3.922056797224045877e+00,5.073168462580690097e+00
4.029085845229281482e+00,5.107052829724685772e+00
3.999744544113986056e+00,5.161954315217988309e+00
3.973955132900444109e+00,5.112623543564218664e+00
3.670922227864779952e+00,5.056456998097251798e+00
3.639728357981472762e+00,5.113390139442617333e+00
3.827211774062172722e+00,5.262117568672001866e+00
3.741295445930796770e+00,5.225191497071487667e+00
3.840461995473142043e+00,5.268543373865605339e+00
4.431797374824752112e+00,5.360290502844324401e+00
4.565497974038962958e+00,5.339952200294518114e+00
4.595064359838032964e+00,5.413006479952388261e+00
4.629204778963160294e+00,5.407099704286277841e+00
4.619257809227616640e+00,5.285566472129231919e+00
4.606186867487415348e+00,5.353820433955128522e+00
4.629793354451368081e+00,5.293814993933112056e+00
4.470563113531962784e+00,5.343927782722603936e+00
4.690613646746307985e+00,5.283520814951451428e+00
4.867906333417405307e+00,5.269834134081953003e+00
4.766445762483361825e+00,5.306709077945620301e+00
4.805348652309898050e+00,5.419225435090911702e+00
4.720416967428063160e+00,5.272910849382922649e+00
4.842076506894419374e+00,5.419130977850920239e+00
4.788338998566380234e+00,5.243993822774333680e+00
4.862519585060878669e+00,5.285162691635449050e+00
4.847235877018503558e+00,5.385232076729218775e+00
4.803239388247718900e+00,5.359509580162868936e+00
4.971079545475675765e+00,5.409299416756046419e+00
5.021731043744614098e+00,5.350711574578696172e+00
5.027597202745324623e+00,5.327275188978956244e+00
4.901525073265239563e+00,5.385021030545156684e+00
4.981979043669578999e+00,5.325211558156979663e+00
4.894408724686719836e+00,5.361504570333145203e+00
5.027842572831437984e+00,5.416313907981071374e+00
5.019006546251731038e+00,5.440195043925117879e+00
5.092947521123583954e+00,5.355481563127884925e+00
5.055761374108243444e+00,5.566448024882881818e+00
4.944052840401076843e+00,5.609554175912691676e+00
5.053816513875348804e+00,5.494404892950885966e+00
4.916524188285166019e+00,5.596539503451404052e+00
4.884683633781053302e+00,5.496074218570567993e+00
4.978794399469436804e+00,5.508867190127086033e+00
4.986494110532829538e+00,5.648295218649718841e+00
4.942971827647936855e+00,5.563538118977035651e+00
4.967418006820369492e+00,5.492714555329581749e+00
4.729855343209120377e+00,5.503078359719869361e+00
4.689976270466524433e+00,5.539360322007784276e+00
4.770922468060469157e+00,5.571167937316888086e+00
4.755580390550060876e+00,5.599456824045313752e+00
4.788955344660041469e+00,5.483196462515128822e+00
4.864591264379352964e+00,5.566361822110816426e+00
4.677629592710804474e+00,5.592750923221241344e+00
4.835670907845049271e+00,5.580948088807303087e+00
4.571673807559498037e+00,5.581356673600327056e+00
4.538767657066817840e+00,5.453325397921162221e+00
4.599850001087609108e+00,5.462258383206237689e+00
4.636194575006176599e+00,5.477809330094378204e+00
4.666405582762781279e+00,5.538561503977692979e+00
4.557319603743768432e+00,5.622033235389706896e+00
4.643103486389026813e+00,5.615667566966530799e+00
4.406183718192565379e+00,5.552322620927973240e+00
4.307419457776463290e+00,5.608552323755162661e+00
4.409891124147201857e+00,5.572167046543661684e+00
4.353768698657559000e+00,5.600829226472757050e+00
4.346178198773238854e+00,5.583237525833994574e+00
4.363957719683965841e+00,5.449075042354391663e+00
4.139394039038198692e+00,5.536264331728110832e+00
3.790687734449937452e+00,5.737342942899049447e+00
3.878561691336079864e+00,5.704340862502181864e+00
4.123964551679662804e+00,5.780739272800865081e+00
4.049259904744808125e+00,5.713124470473385230e+00
4.207843032647709869e+00,5.650368949998479273e+00
4.142791874235585148e+00,5.738004663728614396e+00
4.138251635908403614e+00,5.747591730164731239e+00
4.157297292472351913e+00,5.707979830751121142e+00
4.389749201267006740e+00,5.771199755599552894e+00
4.357748375552415787e+00,5.711281687448652278e+00
4.318872635284136230e+00,5.791938126853154678e+00
4.313339595724434261e+00,5.686137999775299434e+00
4.355236381403269519e+00,5.763386526891484785e+00
4.550779958710730710e+00,5.719762169423034948e+00
4.525459578074831235e+00,5.640653334972546951e+00
4.517985817126576542e+00,5.766622631064474369e+00
4.464577273857892159e+00,5.749740586207916060e+00
4.494875951259246882e+00,5.778620530847388359e+00
4.476431518668663401e+00,5.750525691978120690e+00
4.472811895838946228e+00,5.806065824324905478e+00
4.553077265127658535e+00,5.708201694400596438e+00
4.824622513370015575e+00,5.794922101423241045e+00
4.696575094346311374e+00,5.763320213696442984e+00
4.846015553545704790e+00,5.830267363700039063e+00
4.674132975583374261e+00,5.790691106910788477e+00
4.807589154908689544e+00,5.829454035589324512e+00
4.764679059954636919e+00,5.674698260968072283e+00
4.937430881656834636e+00,5.697399163102092601e+00
4.884498270816790111e+00,5.682889159793492517e+00
4.916364508671848377e+00,5.716217958355808371e+00
4.973806902445518929e+00,5.806071386218416563e+00
5.037753439981855763e+00,5.842610054420513066e+00
4.898361196904412296e+00,5.715110541606836847e+00
4.898870315310941415e+00,5.805363924585879687e+00
4.977446672067349809e+00,5.737650579419041996e+00
4.960638742655365085e+00,5.728309112358889621e+00
4.866256784919698042e+00,5.719650279815241767e+00
4.929304844948852349e+00,5.773335688366829643e+00
4.944670312261539635e+00,5.787295736902850152e+00
5.158836308003290405e+00,5.853760120400568034e+00
5.174897083489313765e+00,5.784680369555932344e+00
5.799738208889245072e+00,6.005512150781198599e+00
5.812190241472900532e+00,5.962607123781035412e+00
5.796431823363844771e+00,5.959270280961436406e+00
5.179437197301163920e+00,5.904222962484211301e+00
5.218997147495064048e+00,5.982331506333694371e+00
5.073743131078884083e+00,6.018766804907250467e+00
5.209535851783678950e+00,5.961912565424326793e+00
5.099762382133799399e+00,6.031429442219495840e+00
5.184726064006660806e+00,5.953243343097321727e+00
5.082308020191400821e+00,5.945909964442991580e+00
5.088741818241926396e+00,5.991824509039781255e+00
5.209768808590017564e+00,5.939763833044913177e+00
5.228606372602257579e+00,5.944735830419603850e+00
5.184607296177344615e+00,5.933641604008058401e+00
5.122306348059087355e+00,5.944840677442951637e+00
5.023013129850546932e+00,5.935433162650910255e+00
5.038468203426056391e+00,6.046611306188917290e+00
4.976635017188431043e+00,5.902053293001715772e+00
4.849122110136727670e+00,6.012287624779762751e+00
4.772277925107149876e+00,5.941012741666663821e+00
4.755463068714112396e+00,6.032814329164615685e+00
4.808847776899808579e+00,6.005373238476425790e+00
4.826363091644381598e+00,5.934568470190985323e+00
4.776140468979076736e+00,5.963103226780335220e+00
4.717638087240776379e+00,5.885148047541476579e+00
4.827363987639821552e+00,5.900888266314521680e+00
4.481298690371836813e+00,5.979416386250297144e+00
4.593691554777055153e+00,5.891150881405263107e+00
4.491895885768864893e+00,5.914635277782385181e+00
4.509411381138727748e+00,5.831330873718785668e+00
4.539201011598655633e+00,5.863677486667222105e+00
4.531208588158656347e+00,5.934981409123320617e+00
4.337526606958607367e+00,5.845191849828180963e+00
4.342638659922251954e+00,5.977770459784544244e+00
4.303426258777356850e+00,5.824300176448960364e+00
4.312954396855285033e+00,5.889262841598010390e+00
4.387548610249110581e+00,5.936075502407034854e+00
4.414968845152212218e+00,5.870975355159831821e+00
4.384121453131199608e+00,5.860897992236652421e+00
4.393758436817635449e+00,5.859219782553405587e+00
4.350967668453779247e+00,5.833396734508036197e+00
4.122908959151917685e+00,5.822752760607552425e+00
4.057883261450384360e+00,5.842214887879017660e+00
4.127444202796135109e+00,5.829922598702892422e+00
4.125676191027890738e+00,5.999039097621482242e+00
4.077352341089265586e+00,5.853879186579950655e+00
4.213281976972281129e+00,6.007888584744825344e+00
4.130542953615568003e+00,5.856175986139862566e+00
4.199052258169984952e+00,6.001411437979384367e+00
4.030291401414432428e+00,5.878595063638920593e+00
3.982532909541981692e+00,5.845524924925491916e+00
3.874136227406722810e+00,5.817955153172777116e+00
3.938225199795100995e+00,5.864271752335652899e+00
3.200759935118081767e+00,6.124828892162617500e+00
3.399814247631684605e+00,6.078768541261376335e+00
3.309279849719056088e+00,6.142470907425767734e+00
3.262422465022978724e+00,6.091162494126349358e+00
3.381795741740031946e+00,6.060248158515229022e+00
3.417230206272876103e+00,6.092126481998100473e+00
3.356148433577990531e+00,6.125877904748253222e+00
3.290871064715290117e+00,6.147018932077851439e+00
3.496704623970074088e+00,6.101750592640716064e+00
3.458863503231007996e+00,5.985632787992880566e+00
3.564241093458795806e+00,6.131217812291832381e+00
3.436246797129767216e+00,6.106932911951983733e+00
3.600851696681420133e+00,6.105244581025324635e+00
3.505975230772508056e+00,6.047707502915972810e+00
3.537659727347870930e+00,6.061595012368520052e+00
3.462904507677385002e+00,6.171974690853457624e+00
3.506814658325565048e+00,6.022315543232076074e+00
3.711906718013371798e+00,6.165103435503020535e+00
3.757956478957102053e+00,6.096449338885722824e+00
3.672911777200095873e+00,6.157437356086566282e+00
3.650204322184220196e+00,6.096150568973225603e+00
3.714759124155141645e+00,6.071096231540654031e+00
3.751473565738284943e+00,6.061885609424696675e+00
3.642534919659115911e+00,6.177951474880808647e+00
3.987157838620353889e+00,6.146726318901460928e+00
3.897942056264609434e+00,6.175891797195562027e+00
3.857708057891265696e+00,6.173127878974897342e+00
3.968756816578967950e+00,6.107389533089124356e+00
3.953644410849666890e+00,6.044863341802790835e+00
3.982215869927809848e+00,6.166062793202889303e+00
3.939219344575978887e+00,6.088974956281163031e+00
3.927248348264115840e+00,6.011275433231659804e+00
4.015602665991660380e+00,6.118305475019007567e+00
3.964117121233261543e+00,6.027235941889700577e+00
3.936656785936244685e+00,6.038951222812536379e+00
4.067033625432337374e+00,6.171600293235078638e+00
4.137256369738022244e+00,6.026922870721836745e+00
4.143598977913186765e+00,6.101652778238365826e+00
4.163517596693632861e+00,6.166177568467017700e+00
4.226316153065091896e+00,6.071546247738850433e+00
4.279384254155392142e+00,6.066522422814785820e+00
4.328269005033111405e+00,6.089553629108922728e+00
4.305713184588926268e+00,6.174285929990554145e+00
4.392007895298450926e+00,6.172750394379620253e+00
4.317328419288712915e+00,6.155681328437792921e+00
4.265269031000604727e+00,6.046405376557433264e+00
4.323805695033557939e+00,6.070597503107037163e+00
4.244690793648707050e+00,6.111099985149097691e+00
4.253850647674599195e+00,6.074790761380519655e+00
4.473343174036880754e+00,6.165605710822668506e+00
4.482292902297834836e+00,6.084363167211332524e+00
4.448154348325676466e+00,6.125640215835268521e+00
4.566751061779864784e+00,6.226177076994714454e+00
4.491551112705504778e+00,6.065962520926151846e+00
4.571385968197952288e+00,6.177294778044653434e+00
4.503275016708496281e+00,6.206693154591731876e+00
4.505462931321064346e+00,6.085795987463580303e+00
4.515665983009804485e+00,6.212855586447198597e+00
4.799899320722108342e+00,6.102211741231291064e+00
4.806721158916168690e+00,6.181333456479733535e+00
4.808814754123381441e+00,6.141378829760600233e+00
4.882472308613449385e+00,6.150588875089033181e+00
4.867485198748856767e+00,6.231460378244346288e+00
4.856090465560566116e+00,6.103192060117857309e+00
4.962291995111733023e+00,6.111215007307577274e+00
4.966848347574590150e+00,6.203372622798939418e+00
4.961936431009957182e+00,6.149241141748246875e+00
4.991320684828716381e+00,6.147670088482967365e+00
5.015718139533472453e+00,6.143381383784660699e+00
5.051538152415160354e+00,6.199897121528762156e+00
5.024457312898068295e+00,6.178336295940902723e+00
5.059403877003206595e+00,6.098729326774588344e+00
4.906970967150733998e+00,6.333894302819801148e+00
4.893861399468969253e+00,6.328949627465768835e+00
4.942405137578118612e+00,6.271015474874512385e+00
4.849870350661855234e+00,6.288544426648262409e+00
4.884371941912694304e+00,6.284075755963562493e+00
4.876808255466104747e+00,6.351362964528124877e+00
4.842022643057536158e+00,6.326887437933565117e+00
4.639127311321314728e+00,6.357735966027758145e+00
4.695863873924897014e+00,6.321518855944534110e+00
4.636337903759979007e+00,6.318289561107843788e+00
4.710447085920655752e+00,6.400392389992425102e+00
4.668214479666516148e+00,6.359751858502326272e+00
4.742299255418298110e+00,6.354847143806928500e+00
4.818599788392024408e+00,6.292036200050844741e+00
4.702199718859287003e+00,6.338062287419921503e+00
4.731121369220653960e+00,6.316161885646030427e+00
4.755772053569059743e+00,6.317453981870645663e+00
4.673505194639967719e+00,6.297312617252168288e+00
4.565561824465418361e+00,6.406116448435525079e+00
4.575127664153468388e+00,6.246469560561719980e+00
4.547480483733608025e+00,6.361720143972410035e+00
4.579737710636907266e+00,6.388628571475257978e+00
4.437517757612064351e+00,6.323424483359599613e+00
4.449608996205594913e+00,6.400911974642804481e+00
4.496242090184158435e+00,6.367986130966426295e+00
4.544798976639268240e+00,6.304594307192677327e+00
4.504979105026048813e+00,6.256438537667142086e+00
4.394539279429720224e+00,6.247320097269153827e+00
4.376207271578329561e+00,6.316007880631094196e+00
4.358899952790305399e+00,6.381801859743011285e+00
4.287998854353345379e+00,6.274922479661714902e+00
4.391689725597495375e+00,6.341272867135170799e+00
4.377891583533131126e+00,6.397371151833236347e+00
4.275069692109145336e+00,6.283196492576542447e+00
4.361024171451337139e+00,6.311063685706986170e+00
4.415373796245114058e+00,6.322482114546995824e+00
4.078687535794979446e+00,6.342824474371186128e+00
4.180965677832231719e+00,6.378861495443014284e+00
4.185487382429872838e+00,6.336304960907460426e+00
4.080734393412699390e+00,6.231908713041468317e+00
4.121565973803588356e+00,6.336775293172710377e+00
4.115119166017326080e+00,6.270282048061946334e+00
4.130076963140176360e+00,6.359709851967216387e+00
3.905421558988225517e+00,6.233090357871271081e+00
4.007516888559073287e+00,6.258037325050885613e+00
3.931821545070032009e+00,6.258272597128500259e+00
3.952661821084611837e+00,6.280215902680564177e+00
4.002865842875256597e+00,6.338468100976253794e+00
3.830407711725481779e+00,6.366108675602751177e+00
3.878789867912078915e+00,6.209205979997745040e+00
3.868272843852841536e+00,6.300573505744692326e+00
3.862512762181221859e+00,6.284496922445099720e+00
3.975005432290520169e+00,6.327619383130683062e+00
3.952774632204441030e+00,6.218706094452673305e+00
3.727398320558338085e+00,6.269336357892523637e+00
3.678736133855386115e+00,6.269132763919891715e+00
3.674204103771294250e+00,6.236909220171890311e+00
3.553755603686048925e+00,6.232397021421731687e+00
3.533147158711004376e+00,6.249766062240890818e+00
3.504019625316468378e+00,6.179791467383498826e+00
3.604173687302913542e+00,6.260530290794884323e+00
3.611393622151557015e+00,6.219588944647593820e+00
3.364504708534188371e+00,6.171550698546004909e+00
3.209072576884726136e+00,6.180706532763291960e+00
3.764076261149508884e+00,6.406611196654945495e+00
4.137894722917970114e+00,6.458355098009890050e+00
4.309816967822812650e+00,6.498970522461359423e+00
4.363929418208538635e+00,6.446186201566526996e+00
4.325664933294616432e+00,6.439158829543546680e+00
4.569781733833215398e+00,6.434924430368977433e+00
4.462243584306460065e+00,6.457616575067029352e+00
4.683497220083069124e+00,3.307753550904838580e+00
4.323361164945679569e+00,3.550972019202564667e+00
4.709194263522494595e+00,3.773304014014895014e+00
4.876428573996419047e+00,4.626090575139777172e+00
5.428228788570572227e+00,2.141346279765522720e+00
5.228774447848784312e+00,3.949427499493871174e+00
4.196184610627550882e+00,3.926579426104103820e+00
4.261332608954038648e+00,3.863129324794615904e+00
4.093068209554831860e+00,3.851634940814296915e+00
1.695556941160707431e+00,3.888228446696783802e+00
4.452348658166982887e+00,4.307870035204628856e+00
3.556343147364232404e+00,4.207576613132005150e+00
3.948634042675316813e+00,4.744033213180961717e+00
3.787612606676455052e+00,4.758845689874113383e+00
3.062884996777179847e+00,4.643021973565037541e+00
4.369177851431278015e+00,4.895424722725612909e+00
4.800629186044615082e+00,5.028189492341789801e+00
5.049448235228646276e+00,4.968580875204062330e+00
2.317594552642928463e+00,4.966198052099895399e+00
4.479611584016513604e+00,5.505517849450074053e+00
4.242306472687735308e+00,5.654959157783852497e+00
4.462109246228706638e+00,5.856197859041134990e+00
3.479652076423171092e+00,6.033555178835516841e+00
4.678620213932141780e+00,6.153877117003990982e+00
3.732286619213282197e+00,2.201504168897225888e+00
4.666557277256501379e+00,2.498051333524852424e+00
5.339492123397704404e+00,2.893436568613056536e+00
3.554130834487474022e+00,3.229561315579423386e+00
4.395567797002967403e+00,3.525390840681132509e+00
3.101095072179054224e+00,3.654516660867425770e+00
5.027246762807609848e+00,3.907314852745392031e+00
2.270370722691740450e+00,4.037022779132737327e+00
3.639046275902531047e+00,4.075685943663742705e+00
5.214037013088391959e+00,4.122379610920322790e+00
3.114332376677113601e+00,5.099005505279361472e+00
3.961566358693846102e+00,5.206388786782584432e+00
5.192947511520645598e+00,5.595363080865756622e+00
3.028561591380869888e+00,5.409481663616240610e+00
4.559157796463558121e+00,6.508546680921574179e+00
