2.956402435640982596e+00,4.767778068928937074e+00
2.955857542888390199e+00,4.788819208481152501e+00
2.988115193841847983e+00,4.771212244555334436e+00
3.086671300548708086e+00,4.721171399713537831e+00
2.966973355041271798e+00,4.619414875717416713e+00
2.884422103023556172e+00,4.687280727381945233e+00
2.838393657666581138e+00,4.594557985469204908e+00
2.841826482007911991e+00,4.603116169173085304e+00
2.790606563264247164e+00,4.631407235047696247e+00
2.778291987055664158e+00,4.612873588809993208e+00
2.711433646312602974e+00,4.554819667506602165e+00
2.793657962678763429e+00,4.618488193405531739e+00
2.721241715859262555e+00,4.667983931005044163e+00
2.608954311787079039e+00,4.525165833526277659e+00
2.611951221926335887e+00,4.572808206502019246e+00
2.458361069253959030e+00,4.390266789199207764e+00
2.474707851831724703e+00,4.356415629453286087e+00
2.456617412445664339e+00,4.370479396304248532e+00
2.643282555200386685e+00,4.374676722069845702e+00
2.509293427337969007e+00,4.340225944357410270e+00
2.516649479497964137e+00,4.413542868444792155e+00
2.592335082833017612e+00,4.459331876796762906e+00
2.649058418377864044e+00,4.489040221501316097e+00
2.504062456913084045e+00,4.491874779161200593e+00
2.513380122982410203e+00,4.164825431928536936e+00
2.538227232500613884e+00,4.120453702406508434e+00
2.323881537914208817e+00,4.228221404206325751e+00
2.365347876386473036e+00,4.249916672449282729e+00
2.339737917014641067e+00,4.134953555051300356e+00
2.367854383048397793e+00,4.275100627042865753e+00
2.438690440885381783e+00,4.215738448357989832e+00
2.323990516464727207e+00,4.126449882071646869e+00
2.375700838685725014e+00,4.171039654490590998e+00
2.462611232724178034e+00,4.203582556855026020e+00
2.415369031074436901e+00,4.215847469806447201e+00
2.258945314042285712e+00,4.115929312295540043e+00
2.130623070806826558e+00,4.157684527054597901e+00
2.263794859540356530e+00,4.050476930635624306e+00
2.457053326647737901e+00,4.031943284397922156e+00
2.402073647911186605e+00,4.057345281888419919e+00
2.479284950953498878e+00,4.084927708348059738e+00
2.461249000842697043e+00,4.002616514762969757e+00
2.446100982320634998e+00,3.894739791514695959e+00
2.452694184627000062e+00,3.986535851115552198e+00
2.498395572286125077e+00,4.025838083284326352e+00
2.543458202925498846e+00,4.082147661412404815e+00
2.518284157755739994e+00,3.927500736776046164e+00
2.524550424410549887e+00,3.892564813617977126e+00
5.418647428058675608e+00,3.918288424381423329e+00
2.490549116648797856e+00,3.874204246619095127e+00
2.401746712259632321e+00,3.858777711662417786e+00
2.463483061128325158e+00,3.883798134083316977e+00
2.458361069253959030e+00,3.902435350697053718e+00
2.201677085744848217e+00,3.861939333667673946e+00
2.419455726718878097e+00,3.682723101066384785e+00
2.400275501827632496e+00,3.671003295357250895e+00
2.491584412878723231e+00,3.513467302336780396e+00
2.565744316506518796e+00,3.640586311237727912e+00
5.422025763124746156e+00,3.596487135336842389e+00
5.412653607780161025e+00,3.517010499411636015e+00
5.361106753384939694e+00,3.576699742441883156e+00
5.396633760853950967e+00,3.308903552445640273e+00
5.423551462832005399e+00,3.329835670549398330e+00
5.420391084866969855e+00,3.371427353135771021e+00
5.428455497605334301e+00,3.469873721092509022e+00
2.409974592823772799e+00,3.462732816218570431e+00
5.340073893134882788e+00,3.214723958070118570e+00
5.403717366637649455e+00,3.150074239135074006e+00
5.384755098847441523e+00,3.178855901527740890e+00
5.448997954378059561e+00,3.226280231606568183e+00
5.460658659283532224e+00,3.168226310303176252e+00
5.374838050750263108e+00,3.067396468618940997e+00
5.422516166602080467e+00,3.067287447170484516e+00
5.433414021653923953e+00,3.038887359847417091e+00
5.396579271578691106e+00,2.966442607347691940e+00
2.732412017287401795e+00,2.832742798953649110e+00
2.794693258908688804e+00,2.819278650069199976e+00
2.780362579515514021e+00,2.853783938505864093e+00
2.977489785166299807e+00,2.771472744920774112e+00
2.917224646729605020e+00,2.788807155225447865e+00
5.412653607780161025e+00,2.889052377081727130e+00
5.440007223960289018e+00,2.682090155324531100e+00
5.428945901082666836e+00,2.521992158265319084e+00
3.582439292681350196e+00,2.590185074275218380e+00
3.365096504886247786e+00,2.666663620367855536e+00
3.387110172090971982e+00,2.549901649070328791e+00
3.413374002765915183e+00,2.655652454073690549e+00
4.014836196664375301e+00,2.379134548200882104e+00
4.112465955180256039e+00,2.419145419784627826e+00
5.458751534649460169e+00,2.390854353910017327e+00
5.454228924802944967e+00,2.344629259764217988e+00
5.384537141746404743e+00,2.188689197979268197e+00
5.429926708037333682e+00,2.182856550486814928e+00
5.339801446758586145e+00,2.184164807868300251e+00
4.837673247425040124e+00,2.144371979181467935e+00
4.322779580699560142e+00,2.279613085992466814e+00
4.228528111482390273e+00,2.215562985023936893e+00
4.227874240179279042e+00,2.241946175550549203e+00
4.183247523741980167e+00,2.226410619145416270e+00
4.064203480049227046e+00,2.287571651729833011e+00
4.047529761819906646e+00,2.265276765520362279e+00
4.646866795797349958e+00,2.084752245014006355e+00
4.592050584886576914e+00,2.098379926071140211e+00
4.766074339734426957e+00,2.082626326769092984e+00
4.907077576612432601e+00,2.034983953793351841e+00
4.975625084888529059e+00,2.001841433462401731e+00
4.882884338397340152e+00,2.039998940422377061e+00
4.938190952785445731e+00,1.990394181374409266e+00
5.047332971129660173e+00,1.947330709233864754e+00
5.103550941471681313e+00,2.068835113539273074e+00
5.106765808711974941e+00,2.026044195019872429e+00
5.150520696745126692e+00,2.085079309359377131e+00
5.128997433017736363e+00,2.019012311594391207e+00
5.238956790490838067e+00,2.059404758247736833e+00
3.388308936146674721e+00,4.758674777982770721e+00
3.486320211124090296e+00,4.798576628118060405e+00
3.506208796593704324e+00,4.721389442610452569e+00
4.096882022456120431e+00,4.720081185228966802e+00
5.094396743228132962e+00,4.732673162525760091e+00
5.034636969994264355e+00,4.541628072243296010e+00
5.002052383389250068e+00,4.648905177525056054e+00
4.988648021675482269e+00,4.559071503996427133e+00
4.933341407287374913e+00,4.589706531012865298e+00
5.024937878998121832e+00,4.653702121257166979e+00
5.058503272557800301e+00,4.611728863601194384e+00
4.978131591550452484e+00,4.517152757064683222e+00
5.010389242503910268e+00,4.593685813881547730e+00
4.717306438377428357e+00,4.510175384363430240e+00
4.386423054202325922e+00,4.506577676564346824e+00
4.257298448819257786e+00,4.524075619041706631e+00
4.270375874881470857e+00,4.547188166114606744e+00
4.147666026997710809e+00,4.670000827801499277e+00
4.173003539993247912e+00,4.678722543678065726e+00
4.235775185091866568e+00,4.557872268063399623e+00
4.103257267661447827e+00,4.510393427260344978e+00
4.246400593767413412e+00,4.510720491605716198e+00
4.022955098677998720e+00,4.542336711658267134e+00
4.063113694544043142e+00,4.652993481842195855e+00
3.962907917342340713e+00,4.508703594809260196e+00
3.980507953251068098e+00,4.612328481567708138e+00
4.078806605818697584e+00,4.560924868620197081e+00
3.963125874443377494e+00,4.508976148430402731e+00
3.684101288077985537e+00,4.581856986723956027e+00
3.766434582994664826e+00,4.642363890617630773e+00
3.816619205508404722e+00,4.608676263044396038e+00
3.834328219967650941e+00,4.660843026131106015e+00
3.749706375490085009e+00,4.638875204267005614e+00
3.857486161952819348e+00,4.572535652880875823e+00
3.726384965679140127e+00,4.546534037423864305e+00
3.733577550013357005e+00,4.536558574890043438e+00
3.721262973804773999e+00,4.602353019033886383e+00
3.835799430399649879e+00,4.542772797452094835e+00
3.707531676439450141e+00,4.609221370286681108e+00
3.595026315266230288e+00,4.591123809842806658e+00
3.637909374895234915e+00,4.679540204541494219e+00
3.639380585327233852e+00,4.519769271827652091e+00
3.580096253845204135e+00,4.627536973627469408e+00
3.552197744912484190e+00,4.513282495644456382e+00
3.565983531553067021e+00,4.552312174192089778e+00
3.525443510760208454e+00,4.540428836310267613e+00
3.555630569253815043e+00,4.658226511368135370e+00
3.516289312516660104e+00,4.700908408439079977e+00
3.656599196309146205e+00,4.504451758319433452e+00
3.561351943156032984e+00,4.638275586300490971e+00
3.644775023577896178e+00,4.507449848152004002e+00
3.576499961678095918e+00,4.654737825017509323e+00
3.498035405304822376e+00,4.516171564028569563e+00
3.524081278878727908e+00,4.660461451061505223e+00
3.629844962156870913e+00,4.538466450238040295e+00
3.427377746507533907e+00,4.561251932965570077e+00
3.407543650313178851e+00,4.577005532267616417e+00
3.465193303537431824e+00,4.546752080320779044e+00
3.338832674211304585e+00,4.502325840074520968e+00
3.443996975461596222e+00,4.565612790903852414e+00
3.435278691420120545e+00,4.498346557205837648e+00
3.484863931906009071e+00,4.546588548148092990e+00
3.485354335383342050e+00,4.627536973627469408e+00
3.336816571026714140e+00,4.548060337702262146e+00
3.371526239366835487e+00,4.510120873639201555e+00
3.194778022662997152e+00,4.586762951904524321e+00
3.072737038319413028e+00,4.352981453826887837e+00
3.190037455715444725e+00,4.365682452572137606e+00
3.121925861641422273e+00,4.338427090457869895e+00
3.260710045726650463e+00,4.429841574989124453e+00
3.206765663220024987e+00,4.362902405636481795e+00
3.223330402898828329e+00,4.317876547423710853e+00
3.240331056779703456e+00,4.362847894912253999e+00
3.182082021527600002e+00,4.348020977922091745e+00
3.259293324569911388e+00,4.414360529308219760e+00
3.122906668596087787e+00,4.354671286277973508e+00
3.142195872037851778e+00,4.333139550207700808e+00
3.169113574015905321e+00,4.351182599927345684e+00
3.097678134151069962e+00,4.325180984470335055e+00
3.253245015016137831e+00,4.413815422065934690e+00
3.250520551253177182e+00,4.474431347408068582e+00
3.212759483498538682e+00,4.426734463708098311e+00
3.174562501541827952e+00,4.410108692818393905e+00
3.232321133316598427e+00,4.381054476804584041e+00
3.205512409889062830e+00,4.450610160920198233e+00
3.239295760549778080e+00,4.328942224442103637e+00
3.315456775125100286e+00,4.414742104377820553e+00
3.350111954189962660e+00,4.331776782101988132e+00
3.344009155360930130e+00,4.399315569421143657e+00
3.393594395846818657e+00,4.375112807863674291e+00
3.348368297381667968e+00,4.406510985019311377e+00
3.336435146099898663e+00,4.374949275690988237e+00
3.433752991712862190e+00,4.448538753399512657e+00
3.459090504708398850e+00,4.441397848525573622e+00
3.373923767478241409e+00,4.482280891696976965e+00
3.444160443287373141e+00,4.428260763986497928e+00
3.315347796574581007e+00,4.395063732931318690e+00
3.361173277067583953e+00,4.483861702699604379e+00
3.302106902686591905e+00,4.320547572910909295e+00
3.403947358146070190e+00,4.359795294355455653e+00
3.448083671106036974e+00,4.443033170252430608e+00
3.587942709482531800e+00,4.387105167193951161e+00
3.508933260356665418e+00,4.439980569695632262e+00
3.597205886276598985e+00,4.430822768025239000e+00
3.599875860764300217e+00,4.486587238911032394e+00
3.574538347768764002e+00,4.476012158410694219e+00
3.524462703805542496e+00,4.431912982509810028e+00
3.677958992210760059e+00,4.446630878051514024e+00
3.557156268961073842e+00,4.420138666076445233e+00
3.842719568357570559e+00,4.308936788650231442e+00
3.718484020766553044e+00,4.470670107436299112e+00
3.787467443244723064e+00,4.467235931809900862e+00
3.807083582338041783e+00,4.349438256752033105e+00
3.974296175871516734e+00,4.476938840722580970e+00
3.963452810094932666e+00,4.381436051874183946e+00
3.965032999077449549e+00,4.362902405636481795e+00
4.031509914893695701e+00,4.396481011761260049e+00
4.022628163026443993e+00,4.390212278474979080e+00
3.945198902883094938e+00,4.456933404930706999e+00
3.932284944646660119e+00,4.379201112180814981e+00
4.016198428545855847e+00,4.341588712463124722e+00
3.994239250616391068e+00,4.350310428339689395e+00
4.194581292995897215e+00,4.426734463708098311e+00
4.212944178758254665e+00,4.367644838644364036e+00
4.274789506177467224e+00,4.361866701876138563e+00
4.259205573453329841e+00,4.486042131668746435e+00
4.111049234023515631e+00,4.445595174291170792e+00
4.110449851995665149e+00,4.329160267339017487e+00
4.224713862214244386e+00,4.313679221658112795e+00
4.153223933074150054e+00,4.316077693524169590e+00
4.261657590839996068e+00,4.481626763006233638e+00
4.178234510418132430e+00,4.307519509820288306e+00
4.150826404962746352e+00,4.453662761476994802e+00
4.391763003177730162e+00,4.466091206601101149e+00
4.457422579865087719e+00,4.407928263849253625e+00
4.465105567676637577e+00,4.428206253262268355e+00
4.283710770338699625e+00,4.382580777082983658e+00
4.398138248383057558e+00,4.353962646863001495e+00
4.473115491139743050e+00,4.333793678898443247e+00
4.437533994395472803e+00,4.418285301452675284e+00
4.427235521371479798e+00,4.484461320666118134e+00
4.407782850103940220e+00,4.303703759124291039e+00
4.452191609440202313e+00,4.362030234048825506e+00
4.382717783484698870e+00,4.319457358426338267e+00
4.414049116758749669e+00,4.398988505075773325e+00
4.307795030003274128e+00,4.483098552560405459e+00
4.359396373673754432e+00,4.354453243381057881e+00
4.313843339557048573e+00,4.471542279023955402e+00
4.329263804455406373e+00,4.332049335723129779e+00
4.284255663091292021e+00,4.382144691289155070e+00
4.459002768847605047e+00,4.454861997410023200e+00
4.542029430198613937e+00,4.452354504095511700e+00
4.483725905671250622e+00,4.354725797002201304e+00
4.538487627306765582e+00,4.343605609259579836e+00
4.682066867614805616e+00,4.414905636550505719e+00
4.539631902087208459e+00,4.397407694073145912e+00
4.520179230819667993e+00,4.457860087242591973e+00
4.614990569770707651e+00,4.429623532092210603e+00
4.631936734376323805e+00,4.438999376659518603e+00
4.616788715854261760e+00,4.414578572205135387e+00
4.487104240737322058e+00,4.405693324155883772e+00
4.554616452783493585e+00,4.450119564402140959e+00
4.651280427093346326e+00,4.339081219148611446e+00
4.676127536611550894e+00,4.430059617886038303e+00
4.609432663694268406e+00,4.307355977647603140e+00
4.527099368777588673e+00,4.433657325685122608e+00
4.680432189357028427e+00,4.373095911067217401e+00
4.568892642901409396e+00,4.450065053677912275e+00
4.684612873221897011e+00,4.479936930555149743e+00
5.026082153778564710e+00,4.390702874993036353e+00
4.931924686130636282e+00,4.445595174291170792e+00
5.047986842432770516e+00,4.391575046580692643e+00
4.978240570100972207e+00,4.364592238087566578e+00
4.989901275006443981e+00,4.370152331958878200e+00
4.916994624709610129e+00,4.406020388501254104e+00
5.120660573903076163e+00,4.188374064795265639e+00
4.999927301654140344e+00,4.137188494744669320e+00
5.020851183353680192e+00,4.237106652255576478e+00
4.981564415891783781e+00,4.143893313824779767e+00
5.049294585038992089e+00,4.101429459650749898e+00
5.039377536941816338e+00,4.168586671900306406e+00
4.956008945795210785e+00,4.138060666332324722e+00
4.982163797919635151e+00,4.143293695858265124e+00
4.918574813692128345e+00,4.217700834430217149e+00
4.897269507065773908e+00,4.147818085969233515e+00
4.950505528994029625e+00,4.224024078440727692e+00
4.997584262817994727e+00,4.119581530818852144e+00
4.813262052108910005e+00,4.169949440006019081e+00
4.802255218506548573e+00,4.171911826078247287e+00
4.532929721230324560e+00,4.188483086243722120e+00
4.584966979102879314e+00,4.252369655039567320e+00
4.612865488035598815e+00,4.286220814785488109e+00
4.635151601616619210e+00,4.198131484432173544e+00
4.583223322294583291e+00,4.118436805610052431e+00
4.626106381923587918e+00,4.227185700445983407e+00
4.660216668235858783e+00,4.229093575793982041e+00
4.313952318107565631e+00,4.226095485961412379e+00
4.453172416394868272e+00,4.231055961866210247e+00
4.383099208411513459e+00,4.171857315354018603e+00
4.354982742377757177e+00,4.241194956572717167e+00
4.437697462221250611e+00,4.184830867720409131e+00
4.336837813716438284e+00,4.180306477609441629e+00
4.236102120743422184e+00,4.274828073421724106e+00
4.202700195009520634e+00,4.291998951553713582e+00
4.271247703285617980e+00,4.197967952259486601e+00
4.217684745705806648e+00,4.210123843762450413e+00
4.207931165434405152e+00,4.147927107417689996e+00
4.174638218251024213e+00,4.146727871484663375e+00
4.122546471103211374e+00,4.205544942927254226e+00
4.101513610853152692e+00,4.164116792513565812e+00
4.155784929011333340e+00,4.243756960611457352e+00
4.225367733517355617e+00,4.285348643197831819e+00
4.219482891789359869e+00,4.162263427889795864e+00
4.184773223449237634e+00,4.289709501136114156e+00
4.021974291723332762e+00,4.240268274260832193e+00
4.026169965918292348e+00,4.295378616455882259e+00
4.000287560170164625e+00,4.205217878581883006e+00
4.037939649374283846e+00,4.278044206151207618e+00
4.002576109731052156e+00,4.302405048808940258e+00
3.948686216499684765e+00,4.187719936104522311e+00
3.781473622966209813e+00,4.250679822588482537e+00
3.824193214769437077e+00,4.235198776907577844e+00
3.820052029849736019e+00,4.280878763811091225e+00
3.330005411619311406e+00,4.264471035818301559e+00
3.406671821909032172e+00,4.131846443770272437e+00
3.467863278025132612e+00,4.155613119533914990e+00
3.400078619602665775e+00,4.240322784985060878e+00
3.131243527710748875e+00,4.231873622729637852e+00
3.156472062155766256e+00,4.244138535681058144e+00
3.169876423869534054e+00,4.279734038602292401e+00
3.177069008203750933e+00,4.159755934575284364e+00
3.075506448048094033e+00,4.233454433732264377e+00
3.155872680127916219e+00,4.227839829136725847e+00
3.046037293442396710e+00,4.173765190702017236e+00
3.072137656291562102e+00,4.273955901834067816e+00
2.955203671585279857e+00,4.281314849604919814e+00
2.929157798011373881e+00,4.158992784436083667e+00
3.051486220968318008e+00,4.130756229285702297e+00
2.974874299953857992e+00,4.192244326215490702e+00
3.024405051164488434e+00,4.118654848506967170e+00
2.990785168329549215e+00,4.192080794042805536e+00
3.060313483560312076e+00,4.190772536661320657e+00
3.061512247616014371e+00,4.135989258811641811e+00
2.784067850233141073e+00,4.190390961591720753e+00
3.060258994285052214e+00,3.990624155432692000e+00
3.019991419868490290e+00,4.048678076736083042e+00
2.990022318475920482e+00,3.934532620201526942e+00
2.949700254784100029e+00,4.057181749715734753e+00
3.002990765987614274e+00,3.953011755715000852e+00
2.985118283702590691e+00,4.004251836489825855e+00
3.059005740954090502e+00,4.015099470611303900e+00
3.026802579275892580e+00,3.990624155432692000e+00
2.993509632092510309e+00,4.038539082029575233e+00
2.913246929635681770e+00,3.956554952789856028e+00
3.011164157276497111e+00,3.891474599133406098e+00
3.047454014599135785e+00,3.926137968670332601e+00
2.969752308079492309e+00,3.926465033015703820e+00
3.146555014058589173e+00,3.913927566443140993e+00
3.144538910873998283e+00,3.896538645414237667e+00
3.166389110252943784e+00,3.928481929812159823e+00
3.095988966618034244e+00,3.998364678273143902e+00
3.231449304912450859e+00,4.069664705564069784e+00
3.166770535179758372e+00,4.071300027290925883e+00
3.235318043455856163e+00,3.995911695682860199e+00
3.123179114972383985e+00,4.001253746657256194e+00
3.407434671762660461e+00,3.984846018664466527e+00
3.451788941823664025e+00,3.995475609889031166e+00
3.468680617154022094e+00,4.085254772693430958e+00
3.573666519364616878e+00,4.097247132023708716e+00
3.956369204311234178e+00,4.069337641218698565e+00
3.918281200905040951e+00,3.983701293455667258e+00
4.161887727840366757e+00,4.051730677292881388e+00
4.165048105805401413e+00,3.967511608359791886e+00
4.171968243763322093e+00,3.959280489001281822e+00
4.214905792667586582e+00,4.055546427988878655e+00
4.153387400899927862e+00,3.974707023957959162e+00
4.151698233366892588e+00,3.945162211426092025e+00
4.328337486775999388e+00,4.098500878680964910e+00
4.284746066568624556e+00,4.002725536211426238e+00
4.323651409103707266e+00,4.065467379798471725e+00
4.480238592054661240e+00,3.981357332313840036e+00
4.588454292719468697e+00,4.030962091361808497e+00
5.034255545067447102e+00,3.956282399168713493e+00
5.044880953742994834e+00,4.061215543308646758e+00
4.954701203188990100e+00,4.045679986903513381e+00
4.970121668087347899e+00,3.913164416303940740e+00
4.949906146966178255e+00,4.081875107791261392e+00
4.998565069772659797e+00,4.014445341920562349e+00
4.983907454727930286e+00,3.932624744853528753e+00
5.018017741040201152e+00,3.988334705015093018e+00
5.022049947409382931e+00,4.077732292749892906e+00
4.995895095284958565e+00,4.054619745676993681e+00
4.990827592685851855e+00,4.029054216013809864e+00
4.979057909229860357e+00,3.998909785515428972e+00
5.046079717798698461e+00,4.008176608634280491e+00
5.043246275485218533e+00,3.975906259890985783e+00
5.064170157184759269e+00,4.065848954868071630e+00
5.097611610468426591e+00,4.049659269772196701e+00
5.094669189604428716e+00,3.946688511704491198e+00
5.348574220075319907e+00,3.693610217249953198e+00
5.209260135474564457e+00,3.752754353037915269e+00
5.192967842172058646e+00,3.814078917795017620e+00
5.240591468748614368e+00,3.837736572110204136e+00
5.072724973400456250e+00,3.743051444125236049e+00
4.981291969515488027e+00,3.802359112085883286e+00
5.038778154913962304e+00,3.795381739384631192e+00
5.030441295799302992e+00,3.762021176156767233e+00
5.073978226731417962e+00,3.775049239247385557e+00
5.084004253379114324e+00,3.760930961672196204e+00
4.993334099347775279e+00,3.806120352057651868e+00
4.944239262339218399e+00,3.749320177411517907e+00
4.974916724310158855e+00,3.832830606929635842e+00
5.045752782147142845e+00,3.864555848430644147e+00
5.027389896384786283e+00,3.869134749265840778e+00
4.974698767209122074e+00,3.857033368487105651e+00
5.009680881925540064e+00,3.824326933949984131e+00
3.927435399148589745e+00,3.845259052053741744e+00
3.958221839670048148e+00,3.830377624339351250e+00
3.400678001630517144e+00,3.834792993001863159e+00
3.469552445558168774e+00,3.809936102753650022e+00
3.387219150641490373e+00,3.696226732012922067e+00
3.395392541930373209e+00,3.873931692997952148e+00
3.171129677200496211e+00,3.738472543290038974e+00
3.093972863433443798e+00,3.725608012372104039e+00
3.260764535001910325e+00,3.741743186743751171e+00
3.151840473758733108e+00,3.777556732561900166e+00
3.123506050623940045e+00,3.822800633671584958e+00
3.106777843119359783e+00,3.773195874623616053e+00
3.213794779728464057e+00,3.845804159296027258e+00
3.100348108638772082e+00,3.803721880191596849e+00
3.254825203998656047e+00,3.787423173647264107e+00
3.192053558900036059e+00,3.715905103459424819e+00
3.153202705640213210e+00,3.788458877407607783e+00
3.172818844733531485e+00,3.855016471690649649e+00
3.094517756186036195e+00,3.872459903443781659e+00
3.141650979285259382e+00,3.783062315708981771e+00
2.962505234470015125e+00,3.805302691194223819e+00
2.925724973670042584e+00,3.831195285202779299e+00
3.084343253949627162e+00,3.782517208466695813e+00
2.905291495447836603e+00,3.884234219877145566e+00
3.036120245345218738e+00,3.790802838549433673e+00
2.997269392085396778e+00,3.857851029350533700e+00
3.053883749079723930e+00,3.901078033663762934e+00
2.994272481946139042e+00,3.826888937988725203e+00
3.043585276055731814e+00,3.776739071698472117e+00
3.025549325944930423e+00,3.774504132005100931e+00
2.984028498197406343e+00,3.864392316257958981e+00
3.038190837805069044e+00,3.845368073502200001e+00
3.049143182132171948e+00,3.812552617516619780e+00
2.967954161995937312e+00,3.765182798162021616e+00
3.055790873713796874e+00,3.619763214582427224e+00
2.965665612435049781e+00,3.593979642022328669e+00
3.082327150765036272e+00,3.546882376288873040e+00
3.170094380970572168e+00,3.550098509018356996e+00
3.184588528189523426e+00,3.504254989942158449e+00
3.249103830096437218e+00,3.539905003587621835e+00
3.158161229688802418e+00,3.640368268340814062e+00
3.105524589788398071e+00,3.575336974336170037e+00
3.213358865526390495e+00,3.582423368485879944e+00
3.140724661605852841e+00,3.519027396208092018e+00
3.185732802969966748e+00,3.544265861525904171e+00
3.203278349603434716e+00,3.632573234776133475e+00
3.159741418671320190e+00,3.522461571834489380e+00
3.235100086354818494e+00,3.535653167097795091e+00
3.246215898507698761e+00,3.513521813061009080e+00
3.204913027861211461e+00,3.601229568344724630e+00
3.409014860745176900e+00,3.655249696055205000e+00
3.293061682993561057e+00,3.554677409853554515e+00
3.323739144964501069e+00,3.652306116946864023e+00
3.372561535596760862e+00,3.539414407069564117e+00
3.384222240502233081e+00,3.625214287005280589e+00
3.418768441016577064e+00,3.596323603164156335e+00
3.365804865464617102e+00,3.590545466395932195e+00
3.314966371647768195e+00,3.581823750519365746e+00
3.459907843837287000e+00,3.556421753028867538e+00
3.583311121085498208e+00,3.629030037701278300e+00
3.576064047476021912e+00,3.523442764870602595e+00
3.652784947041002095e+00,3.550425573363728660e+00
3.585599670646385295e+00,3.564325808042005050e+00
3.606687020171702951e+00,3.563235593557434022e+00
3.551870809260929018e+00,3.606462597870665032e+00
3.535469537407904816e+00,3.680106586303416805e+00
3.676696195570259285e+00,3.523606297043288649e+00
5.003360125995471641e+00,3.524314936458260217e+00
5.053326791408174756e+00,3.596269092439928095e+00
5.034310034342706963e+00,3.618345935752484976e+00
4.925821887301602864e+00,3.616492571128715028e+00
5.001561979911916644e+00,3.624451136866081669e+00
4.985814579362002341e+00,3.608915580460947847e+00
4.945002112192848465e+00,3.587983462357190678e+00
5.026572557255898133e+00,3.635789367505616987e+00
4.989519850079629393e+00,3.589073676841760818e+00
4.947944533056846339e+00,3.623197390208824586e+00
4.983798476177412340e+00,3.554568388405097590e+00
4.991971867466295620e+00,3.528239708602713964e+00
5.043845657513070790e+00,3.590545466395932195e+00
4.999981790929399317e+00,3.659665064717716021e+00
5.011696985110130953e+00,3.558384139101096189e+00
4.950178593342474009e+00,3.698204146747290810e+00
4.964945186937722355e+00,3.529602476708427972e+00
4.931815707580118335e+00,3.502129071697245077e+00
4.990228210657998709e+00,3.651270413186521679e+00
5.215798848505671437e+00,3.517392074481235031e+00
5.108400486969752130e+00,3.395957179038612939e+00
5.171390089169408455e+00,3.456082507862689113e+00
5.114939200000858222e+00,3.346297909266415793e+00
4.909911018925911641e+00,3.365594705643318196e+00
4.935575467573004360e+00,3.315989946595349736e+00
4.939553184666925389e+00,3.357527118457495074e+00
5.038124283610851961e+00,3.443599552014354082e+00
5.027553364210564091e+00,3.443217976944754177e+00
4.951922250150769145e+00,3.503228833247950202e+00
4.921953148758198893e+00,3.391269256754960271e+00
4.895253403881183019e+00,3.343136287261161410e+00
4.970884517940977076e+00,3.458426469004515891e+00
4.908930211971248347e+00,3.410566053131860897e+00
4.962493169551057015e+00,3.435204900483160184e+00
4.908766744145468763e+00,3.332016099518539942e+00
5.060737332843427971e+00,3.438748097558014916e+00
4.949579211314622640e+00,3.392523003412216021e+00
4.988648021675482269e+00,3.350931320825841997e+00
4.933123450186338133e+00,3.466385034741882532e+00
4.966089461718166120e+00,3.469001549504852289e+00
4.936828720903966072e+00,3.421032112183739926e+00
5.017036934085535194e+00,3.438748097558014916e+00
5.009626392650281979e+00,3.320568847430548143e+00
4.864046056650502159e+00,3.436349625691959009e+00
4.859795893180283599e+00,3.334469082108824090e+00
4.809774738492320623e+00,3.312283217347809394e+00
4.883553217193303375e+00,3.368592795475888302e+00
4.797787097935293232e+00,3.438366522488415011e+00
3.810298449578335855e+00,3.403534169706380119e+00
3.688896344300797825e+00,3.362814658707664162e+00
3.768450686179256159e+00,3.332179631691225108e+00
3.575900579650244104e+00,3.314136581971579787e+00
3.644829512853155151e+00,3.501271898248146108e+00
3.552197744912484190e+00,3.478977012038674932e+00
3.499888040663635014e+00,3.385273077089820060e+00
3.593337147733193682e+00,3.356000818179095901e+00
3.565438638800474180e+00,3.417706958005799933e+00
3.527732060321095986e+00,3.491405457162780834e+00
3.615078368561623900e+00,3.470309806886337167e+00
3.604071534959259804e+00,3.343626883779218240e+00
3.625267863035095850e+00,3.407567963299292124e+00
3.580695635873055949e+00,3.481375483904729951e+00
3.644175641550044809e+00,3.313100878211236999e+00
3.578625043413205198e+00,3.398410161628897086e+00
3.585599670646385295e+00,3.436295114967730324e+00
3.538684404648198445e+00,3.440928526527156084e+00
3.367766479373949018e+00,3.469383124574452193e+00
3.359048195332474229e+00,3.411710778340660610e+00
3.289301923000676364e+00,3.321604551190889154e+00
3.376593741965942197e+00,3.386635845195534067e+00
3.437730708806784996e+00,3.429317742266477786e+00
3.297856739216372457e+00,3.463823030703141015e+00
3.356105774468476799e+00,3.440001844215271110e+00
3.394956627728300091e+00,3.416126147003172076e+00
3.404056336696589025e+00,3.472272192958564485e+00
3.312241907884806214e+00,3.475379304239591072e+00
3.447647756903963412e+00,3.450086328197549790e+00
3.253571950667693002e+00,3.360525208290064292e+00
3.244417752424144652e+00,3.429917360232991541e+00
3.239568206926074279e+00,3.384291884053706401e+00
3.141269554358444793e+00,3.435368432655844906e+00
3.275367660771379974e+00,3.452702842960519991e+00
3.145737674929701022e+00,3.403479658982151435e+00
3.257277221385320498e+00,3.161848555568437913e+00
3.388199957596156331e+00,3.194609500829789006e+00
3.461488032819804772e+00,3.218485198041888040e+00
3.421165969127982986e+00,3.143369420054964447e+00
3.436205009099527974e+00,3.263947142048487127e+00
3.408415478717325975e+00,3.248738649988724969e+00
3.359375130984029845e+00,3.146422020611762349e+00
3.523972300328209073e+00,3.181963012808767921e+00
3.606632530896443978e+00,3.194554990105560321e+00
3.615895707690511163e+00,3.264165184945400977e+00
3.523536386126136399e+00,3.195263629520530557e+00
3.510132024412368157e+00,3.253644615169294152e+00
3.555794037079593295e+00,3.298997537727435869e+00
3.541517846961678373e+00,3.200714701943384810e+00
3.559226861420924148e+00,3.175966833143629042e+00
3.563150089239587537e+00,3.127179734959088631e+00
3.657906938915367778e+00,3.284879260152245184e+00
3.788884164401463028e+00,3.240507530630215793e+00
3.765290308214221504e+00,3.280845466559333179e+00
3.811170277982482979e+00,3.126362074095660581e+00
3.811388235083520204e+00,3.256206619208035224e+00
3.759024041559411167e+00,3.194827543726702412e+00
3.772264935447402046e+00,3.136828133147540054e+00
3.724041926842992734e+00,3.185942295677451241e+00
3.856014951520819967e+00,3.180927309048425577e+00
3.784797468757022276e+00,3.116550143734524436e+00
3.860810007743630923e+00,3.108864131618299886e+00
3.897411808480760964e+00,3.254026190238893168e+00
3.985956880776990285e+00,3.278010908899449127e+00
3.972552519063223819e+00,3.251246143303238245e+00
4.030147683012216042e+00,3.143805505848793036e+00
4.062405333965672938e+00,3.133066893175771028e+00
3.953481272722496165e+00,3.165337241919064404e+00
4.068235686418409713e+00,3.254407765308493072e+00
3.913649612508007802e+00,3.239144762524503118e+00
4.189677258222567424e+00,3.120965512397035901e+00
4.242858790875565056e+00,3.169371035511975965e+00
4.080644218428872705e+00,3.220502094838344043e+00
4.183574459393535783e+00,3.224917463500855064e+00
4.105164392295520770e+00,3.246776263916498095e+00
4.079064029446355377e+00,3.180545733978825673e+00
4.112683912281292820e+00,3.115187375628810429e+00
4.162814045519773742e+00,3.179946116012311919e+00
4.260186380407996687e+00,3.230477557372165354e+00
4.107507431131668163e+00,3.150946410722730295e+00
4.138457339478902597e+00,3.269180171574426197e+00
4.423257804277557881e+00,3.171060867963060748e+00
4.394759913316986122e+00,3.123527516435776974e+00
4.362992665840861761e+00,3.114751289834982284e+00
4.408600189232828370e+00,3.178855901527740890e+00
4.412904841978306791e+00,3.104339741507331496e+00
4.660271157511118645e+00,3.157487697630154688e+00
4.591723649235022187e+00,3.169371035511975965e+00
4.776536280584197769e+00,3.101014587329391947e+00
4.862574846218503666e+00,3.262257309597402344e+00
4.846772956393329501e+00,3.110390431896700392e+00
4.881973028210785159e+00,3.145604359748334300e+00
4.822252782526681436e+00,3.221428777150229017e+00
4.849007016678958060e+00,3.229387342887594770e+00
4.818874447460610000e+00,3.258986666143690591e+00
4.797514651558996590e+00,3.255061893999235512e+00
4.940479502346334151e+00,3.240343998457530184e+00
4.958460963181875236e+00,3.282753341907331812e+00
4.914215671671390950e+00,3.217885580075373397e+00
4.970939007216236938e+00,3.122219259054292095e+00
5.001943404838731233e+00,3.206492838711609838e+00
5.032620866809672577e+00,3.278937591211334546e+00
4.929636136569748750e+00,3.174058957795630409e+00
4.953284482032249691e+00,3.102104801813961643e+00
4.924895569622196767e+00,3.135737918662968582e+00
4.960313598540689206e+00,3.156997101112098303e+00
4.956826284924098047e+00,3.113061457383897057e+00
4.985433154435187753e+00,3.222300948737884863e+00
4.903808220096879111e+00,3.194718522278245043e+00
5.133029639386919030e+00,3.195972268935502125e+00
5.148559082835796552e+00,3.279755252074762595e+00
5.125455630125887119e+00,2.965624946484263447e+00
5.088239455123841459e+00,2.958102466540725839e+00
4.919719088472572111e+00,2.999476106230185124e+00
4.987449257619778642e+00,3.039377956365473032e+00
4.979493823431933031e+00,3.017573666674059130e+00
5.006847439612061024e+00,3.060419095917688459e+00
4.896942571414218293e+00,3.068813747448884133e+00
4.969413307508977695e+00,2.972602319185516428e+00
4.769888589002572843e+00,3.009996676006292393e+00
4.863174228246355035e+00,3.028148747174395083e+00
4.801982772130252819e+00,2.960064852612953157e+00
4.863337696072132843e+00,2.980669906371339994e+00
4.816095494422390821e+00,2.929157271975372456e+00
4.840670157564296971e+00,2.974510194533514618e+00
4.819637297314239177e+00,2.974183130188143842e+00
4.748310835999922652e+00,3.013757915978061863e+00
4.718668670258908904e+00,3.000130234920928007e+00
4.484761201901176442e+00,3.004763646480352879e+00
4.586710635911173561e+00,3.036815952326732404e+00
4.532384828477733052e+00,3.065979189789000081e+00
4.656620376068750566e+00,2.999203552609042145e+00
4.597336044586721293e+00,3.001438492302412886e+00
4.321471838093338569e+00,2.938533116542680901e+00
4.350351153980723140e+00,3.075082480735165102e+00
4.438787247726435403e+00,2.947254832419246462e+00
4.357925163241754163e+00,2.924687392588633195e+00
4.342504698343396363e+00,2.934553833673998469e+00
4.354982742377757177e+00,2.905554128384416401e+00
4.317548610274674736e+00,3.073828734077908909e+00
4.351931342963241356e+00,3.012776722941948204e+00
4.367515275687377851e+00,2.984213103446194726e+00
4.407946317929717139e+00,2.917819041335837138e+00
4.406638575323496454e+00,3.013212808735775905e+00
4.385987140000252360e+00,2.977181220020713059e+00
4.313189468253936454e+00,2.997404698709500881e+00
4.293246393509064340e+00,2.920272023926121285e+00
4.122982385305284936e+00,2.972002701219002230e+00
4.166246869861105040e+00,3.027985215001709030e+00
4.151807211917411422e+00,3.041994471128444122e+00
4.218829020486249526e+00,3.028475811519766303e+00
4.081025643355687293e+00,3.024769082272225962e+00
4.261930037216290934e+00,3.003509899823096685e+00
4.267760389669026821e+00,2.951452158184844077e+00
4.242150430297194852e+00,3.025259678790282791e+00
4.200956538201226387e+00,3.047445543551297042e+00
4.244275512032304576e+00,2.895415133677908592e+00
4.217630256430546787e+00,2.931174168771828459e+00
4.131537201520981917e+00,3.045319625306384115e+00
4.167118698265250387e+00,2.995224269740358825e+00
4.102930332009892211e+00,2.945237935622791792e+00
4.223951012360616097e+00,3.079824913743047787e+00
4.105218881570779743e+00,3.044229410821813975e+00
3.997018203654611135e+00,2.979634202610997651e+00
3.949939469830646921e+00,3.019263499125143468e+00
4.025788540991478648e+00,2.982141695925510039e+00
4.019031870859335775e+00,3.041013278092330019e+00
4.053632560648939176e+00,3.068323150930826859e+00
3.963670767195969891e+00,3.053768787561808029e+00
4.005899955521863731e+00,3.010814336869720442e+00
3.877810661624507382e+00,3.024005932133026153e+00
3.741315027100165835e+00,3.052242487283407968e+00
3.678830820614908070e+00,3.004872667928810248e+00
3.762511355176001437e+00,2.838030339203816865e+00
3.964869531251673074e+00,2.827073683633881007e+00
4.221880419900766235e+00,2.832960841850562961e+00
4.256590088240887582e+00,2.844190051041641798e+00
4.161070388711477719e+00,2.787444387119734746e+00
4.465378014052933331e+00,2.874825078058079963e+00
4.313625382456010904e+00,2.756754849379068339e+00
4.367678743513156547e+00,2.897447028612921915e+00
4.419824979936228360e+00,2.899627457582063528e+00
4.330789504162664727e+00,2.852693724021293065e+00
4.499309838395388006e+00,2.875642738921506680e+00
4.535763163543804488e+00,2.847133630149982331e+00
4.567693878845706656e+00,2.716035338380352382e+00
4.678416086172437538e+00,2.772290405784201273e+00
4.647738624201497970e+00,2.863486847418544201e+00
4.638911361609504347e+00,2.795893549375157772e+00
4.527153858052848534e+00,2.825383851182795780e+00
4.478009980696558756e+00,2.812519320264862177e+00
4.852221883919251688e+00,2.788316558707391923e+00
4.783892332744192011e+00,2.885672712179557120e+00
4.854237987103842578e+00,2.731080298267428041e+00
4.705591244196695833e+00,2.827073683633881007e+00
4.917866453113758141e+00,2.809248676811149092e+00
4.947999022332105312e+00,2.864031954660828827e+00
4.907840426466061778e+00,2.879349468169047022e+00
4.929145733092416215e+00,2.869046941289854491e+00
4.988484553849704461e+00,2.829363134051479545e+00
5.149648868340979568e+00,2.607246930958750486e+00
4.815986515871871099e+00,2.649656274408552115e+00
4.860068339556579353e+00,2.384694642072192394e+00
2.684243497958252789e+00,3.792438160276289771e+00
2.524168999483736187e+00,3.769380123927618786e+00
2.626118433493732418e+00,3.553260131023612267e+00
2.622522141326624201e+00,3.701796403473951891e+00
2.692035464320321037e+00,3.540722664451048995e+00
2.713013835295120746e+00,3.632082638258076202e+00
2.705385336758829862e+00,3.607280258734092193e+00
2.890415923302068979e+00,3.561981846900178272e+00
3.027184004202707168e+00,3.397810543662384219e+00
2.967463758518604333e+00,3.435804518449673051e+00
3.000320791499912154e+00,3.427900463436535983e+00
2.913900800938793001e+00,3.345643780575674242e+00
2.736335245106065184e+00,3.320950422500147159e+00
2.851198637352498011e+00,3.428609102851506663e+00
2.730559381928588714e+00,3.492604693095808788e+00
2.820902600308372588e+00,3.398246629456211920e+00
3.056117809365352489e+00,3.117803890391780630e+00
2.955530607236836360e+00,3.254135211687350537e+00
3.020699780446860050e+00,3.247648435504154829e+00
3.122470754394014225e+00,3.277901887450992646e+00
3.403838379595551800e+00,3.117585847494866336e+00
3.440291704743968726e+00,2.944311253310905929e+00
3.297693271390595982e+00,3.012395147872347856e+00
3.314530457445693301e+00,3.040522681574272745e+00
3.126829896414752508e+00,2.969440697180261157e+00
3.239132292724000717e+00,3.009015482970178734e+00
3.071756231364747958e+00,2.987265704002992628e+00
3.000920173527764412e+00,2.938860180888052120e+00
3.578679532688465059e+00,2.794040184751388267e+00
3.649025187048115182e+00,2.780194460797340117e+00
3.751177585922083946e+00,2.713527845065839994e+00
3.785451340060132175e+00,2.850622316500608378e+00
4.203245087762113030e+00,2.569580020516831986e+00
4.187715644313236396e+00,2.574376964248942468e+00
3.987700537585284977e+00,2.628015516889822933e+00
3.927925802625921392e+00,2.639299236805129567e+00
3.725295180173955778e+00,2.647203291818267967e+00
3.855088633841412982e+00,2.632975992794620357e+00
4.295262496693654342e+00,2.396905044299384890e+00
3.473693630477870276e+00,5.552072856775536636e+00
3.583093163984460983e+00,5.562211851482045333e+00
3.523863321777692015e+00,5.579273708165575663e+00
3.585926606297940467e+00,5.679791483642997463e+00
3.567727188361362156e+00,5.652590632252958436e+00
3.866640360196368142e+00,5.543078587277827651e+00
3.704807212676489492e+00,5.642887723340278328e+00
3.909235981212010991e+00,5.387356446295456180e+00
4.015217621591189889e+00,5.382777545460259994e+00
4.015817003619041259e+00,5.295069790176543556e+00
3.877265768871914986e+00,5.439904784451765174e+00
3.594481422513637892e+00,5.440286359521365966e+00
3.337143506678268867e+00,5.396841312311221550e+00
3.418822930291836926e+00,5.429983832642172104e+00
3.363025912426397035e+00,5.441540106178621272e+00
3.370599921687428946e+00,5.453914040578499822e+00
3.449227945886480295e+00,5.317037612040645733e+00
3.161703032580652106e+00,5.314584629450359365e+00
2.843897074467762298e+00,5.190914855361535629e+00
2.847275409533833734e+00,5.207159051181639242e+00
2.855285332996940095e+00,5.181920585863826645e+00
2.767448621279080090e+00,5.171400016087719820e+00
2.839483443171765931e+00,5.217352556612376624e+00
2.799324847305721953e+00,5.193585880848734071e+00
3.023206287108784363e+00,5.283092490031992661e+00
2.939510760310625415e+00,5.166057965113322936e+00
3.027837875505817067e+00,5.267938508696457411e+00
2.986044601381996788e+00,5.257363428196121902e+00
3.006151143952648930e+00,5.267011826384572437e+00
2.918913814262640738e+00,5.241936893239446782e+00
3.204531602934396872e+00,5.282819936410848349e+00
3.217881475372905697e+00,5.256055170814637023e+00
3.243981838222071090e+00,5.260252496580234194e+00
3.175652287047012301e+00,5.269519319699085713e+00
3.155981658678433721e+00,5.301026518303180168e+00
3.127047853515788844e+00,5.274479795603881804e+00
3.260274131524576902e+00,5.247442476386527943e+00
3.406726311184290257e+00,5.271318173598626977e+00
4.062568801791450745e+00,5.182520203830341288e+00
4.136223279193274927e+00,5.149105129878247311e+00
4.098407722163377898e+00,5.000959979563644353e+00
4.092577369710641122e+00,5.051000824405440071e+00
3.994348229166909903e+00,4.969561802408005491e+00
4.052651753694273218e+00,5.006629094883410680e+00
3.932557391022955873e+00,4.975394449900459648e+00
4.053142157171606641e+00,4.994909289174276346e+00
2.909541658918055163e+00,4.990493920511764436e+00
2.851689040829830990e+00,5.070951749473084469e+00
2.767721067655374956e+00,4.990875495581364341e+00
2.872394965428333169e+00,4.983680079983198397e+00
3.939858953907691141e+00,5.376072726380149547e+00
3.723061119888328108e+00,5.307007638782593517e+00
3.589304941364011903e+00,5.377762558831235218e+00
2.993673099918288116e+00,5.217843153130432121e+00
3.050015010536319959e+00,5.133733105645800876e+00
3.016940020453974469e+00,5.258780707026064150e+00
3.101982786896548383e+00,4.874073981174584347e+00
3.993966804240094870e+00,4.620014493683932244e+00
2.920984406722492377e+00,4.538357428789584702e+00
3.000702216426728075e+00,4.590033595358236518e+00
3.053011920675576363e+00,4.638657161370090876e+00
3.005115847722723998e+00,4.524566215559763904e+00
2.465444675037657074e+00,4.396262968864346199e+00
2.953024100574911159e+00,4.413052271926735770e+00
2.940655035091068292e+00,4.367372285023221501e+00
3.231285837086673052e+00,4.489912393088972387e+00
3.418986398117614289e+00,4.355434436417172428e+00
3.508769792530888054e+00,4.426189356465813241e+00
4.000287560170164625e+00,4.331068142687016120e+00
4.064203480049227046e+00,4.473886240165784400e+00
5.040848747373813055e+00,4.454971018858480569e+00
5.363340813670568252e+00,4.433984390030492939e+00
5.156405538473123329e+00,4.177035834155729432e+00
5.251271366699421961e+00,4.123887878032905796e+00
5.146815426027500529e+00,4.203909621200398128e+00
5.076866158320156863e+00,4.129066396834617514e+00
2.907743512834501054e+00,4.132936658254842577e+00
2.854032079665977051e+00,4.229693193760495795e+00
2.603559873536415825e+00,4.115493226501712343e+00
2.380659362734314222e+00,4.074025563502353009e+00
2.649821268231492333e+00,4.095666321021081302e+00
2.762762543606786192e+00,3.966584926047906023e+00
2.838121211290284940e+00,4.016026152923188874e+00
3.185405867318412021e+00,4.037230824648090355e+00
3.463504136004396106e+00,3.990733176881148925e+00
5.196891069990722478e+00,4.022730972003300209e+00
5.138642034738618136e+00,4.019460328549587125e+00
5.213564788220042878e+00,3.783716444399724210e+00
3.240603503156000098e+00,3.734874835490953782e+00
3.005442783374280058e+00,3.821873951359699983e+00
2.426157907575760664e+00,3.727461376995873987e+00
2.420382044398284194e+00,3.747902898581575215e+00
2.609717161640708216e+00,3.642603208034183915e+00
2.814636333653562250e+00,3.654541056640233876e+00
3.164373007068353338e+00,3.607498301631006932e+00
3.346297704921817218e+00,3.589945848429417108e+00
5.078282879476896383e+00,3.557730010410352417e+00
5.015729191479312732e+00,3.648926452044694013e+00
5.250018113368460249e+00,3.495657293652606246e+00
3.323139762936649699e+00,3.434714303965102911e+00
3.454077491384550669e+00,3.316535053837636138e+00
2.842262396209985997e+00,3.213252168515948082e+00
3.557483204612629013e+00,3.204857516984753296e+00
3.584346417315423139e+00,3.304116094732496123e+00
4.117587947054622610e+00,3.123363984263090920e+00
5.059048165310392697e+00,3.192483582584876078e+00
5.117391217387523561e+00,3.062545014162600943e+00
5.043900146788329764e+00,3.008524886452121905e+00
4.815768558770834318e+00,2.992117158459331794e+00
4.242640833774528275e+00,2.933354597740970071e+00
3.945307881433612884e+00,3.011468465560462882e+00
3.823484854191065541e+00,2.919617895235378402e+00
3.638672224748864092e+00,3.044447453718727381e+00
3.362154084022249023e+00,3.015393237704917073e+00
4.246836507969486973e+00,2.852639213297064380e+00
5.017200401911312113e+00,2.877223549924134538e+00
5.148994997037869226e+00,2.811919702298347978e+00
3.841084890099793814e+00,2.512561802973781067e+00
3.321668552504650762e+00,2.649002145717808787e+00
3.991678254679207782e+00,2.371939132602716160e+00
5.203375293746568708e+00,2.376572544162140588e+00
5.190243378409097552e+00,2.345883006421474182e+00
4.961839298247947561e+00,1.981072847531328840e+00
5.033438205938558951e+00,2.020865676218161155e+00
3.393376438745782320e+00,5.144199164697679905e+00
3.464866367885876208e+00,5.149432194223619419e+00
3.378282909498978359e+00,5.111547240884786625e+00
3.549364302599005150e+00,5.143108950213108876e+00
3.567672699086102295e+00,5.216098809955120430e+00
3.621780549418506023e+00,5.195275713299818854e+00
3.510023045861850211e+00,5.196365927784388994e+00
3.607286402199553876e+00,5.197728695890102557e+00
3.543588439421527791e+00,5.238175653267677312e+00
3.647444998065598298e+00,5.199418528341186452e+00
3.717993617289220065e+00,5.241064721651789604e+00
3.700284602829975178e+00,5.292740888220441420e+00
3.694072825450422926e+00,5.291214587942043579e+00
3.564784767497364282e+00,5.002813344187413414e+00
3.619328532031841572e+00,5.064083398220288856e+00
3.607340891474812850e+00,5.092974082061413554e+00
3.444378400388410366e+00,5.025053719672656349e+00
3.305485237752663785e+00,4.921047257844607614e+00
3.485626781759638249e+00,5.080109551143477731e+00
3.341829584350560989e+00,4.930205059515002652e+00
3.468353681502466479e+00,5.014805703517692059e+00
3.460016822387806279e+00,5.036064885966821336e+00
3.433535034611825854e+00,4.937673028734312908e+00
3.412938088563841177e+00,4.922301004501864696e+00
3.481431107564678218e+00,5.039444550868990014e+00
3.363407337353212068e+00,5.071551367439598224e+00
3.201698160620917832e+00,4.980409436529485312e+00
3.200499396565214205e+00,5.056397386104064751e+00
3.265777548325758506e+00,5.029414577610937798e+00
3.268011608611386176e+00,4.963729154915552222e+00
2.727072068311998887e+00,4.715284241496856765e+00
3.429611806793162021e+00,4.853305395243512343e+00
3.432499738381900922e+00,4.733109248319587792e+00
3.288103158944972293e+00,4.865897372540302968e+00
3.335345360594714315e+00,4.850307305410940906e+00
3.403456954668737211e+00,4.817873424494961476e+00
3.579605850367871156e+00,4.802010803744457768e+00
3.606251105969628945e+00,4.857230167387965203e+00
3.573285094437802289e+00,4.784676393439783126e+00
3.607340891474812850e+00,4.811005073242165864e+00
3.587670263106236046e+00,4.843875039951973882e+00
3.623197270575245987e+00,4.748045186758207414e+00
3.663573823542325858e+00,4.728366815311704663e+00
3.771992489071105403e+00,4.546152462354264401e+00
3.758152213155264043e+00,4.512955431299086051e+00
3.634585529104423340e+00,4.695348314567769243e+00
3.631370661864127936e+00,4.637348903988605997e+00
3.323521187863464288e+00,4.601862422515829110e+00
3.340794288120636502e+00,4.677632329193494698e+00
2.531198115992174369e+00,4.440416655489460851e+00
3.050777860389948692e+00,4.478410630276750126e+00
3.008766629165091189e+00,4.340280455081638067e+00
3.148843563619476260e+00,4.385796909812467170e+00
3.479959897132680169e+00,4.348947660233976720e+00
3.688796909059818496e+00,4.372659825273389700e+00
3.643194834595378850e+00,4.405148216913597814e+00
3.551543873609374291e+00,4.347257827782891937e+00
3.645592362706785217e+00,4.319402847702109582e+00
3.550617555929968194e+00,4.360231380149283353e+00
3.655781857180258054e+00,4.335156447004156810e+00
3.604180513509779082e+00,4.417958237107304065e+00
3.744148469413644875e+00,4.387432231539324157e+00
3.758806084458375274e+00,4.371733142961503837e+00
4.049545865004497536e+00,4.423899906048214703e+00
4.130011501813723562e+00,4.353962646863001495e+00
3.745456212019866005e+00,4.201783702955484756e+00
3.611645544220291271e+00,4.247845264928598041e+00
3.538902361749236114e+00,4.162154406441338494e+00
3.597042418450821177e+00,4.254386551836022434e+00
3.475382798010905105e+00,4.222497778162328963e+00
3.353381310705516150e+00,4.301974414087534448e+00
3.329460518866719010e+00,4.184503803375038800e+00
3.394738670627261978e+00,4.265779293199786437e+00
3.458872547607362513e+00,4.261745499606874432e+00
3.315511264400360147e+00,4.155885673155057525e+00
3.257931092688430841e+00,4.132337040288330599e+00
3.180011429067749251e+00,4.148145150314605623e+00
3.187258502677225103e+00,4.126558903520104238e+00
3.270518115273310489e+00,4.193498072872747784e+00
3.265668569775240115e+00,4.143348206582493809e+00
3.250684019078956322e+00,4.168314118279162983e+00
3.154837383897989955e+00,4.284858046679775434e+00
2.890633880403106204e+00,4.275536712836695230e+00
2.983483605444814390e+00,4.022185864761014251e+00
3.237116189539409827e+00,3.911256540955942107e+00
3.243164499093182496e+00,4.031997795122150841e+00
3.219788600006978196e+00,4.052875402501680213e+00
3.187476459778260995e+00,4.025292976042040394e+00
3.201916117721954613e+00,3.926955629533760650e+00
3.218099432473942034e+00,3.994821481198288726e+00
3.221859192466828059e+00,4.024475315178612789e+00
3.168841127639609123e+00,3.894630770066239034e+00
3.237116189539409827e+00,3.952684691369630077e+00
3.334745978566863389e+00,3.942600207387350952e+00
3.420021694347540109e+00,4.042245811277116019e+00
3.368147904300764051e+00,4.093158827706569802e+00
3.313331693389990562e+00,3.931152955299357821e+00
3.327280947856350313e+00,4.035050395678949187e+00
3.433970948813899415e+00,3.991877902089948194e+00
3.686444326914132930e+00,4.098936964474794387e+00
3.547457177964932207e+00,3.814733046485761392e+00
3.592519808604306419e+00,3.718031021704336858e+00
3.281951319768206865e+00,3.757115210976198050e+00
3.310934165278585084e+00,3.750137838274945956e+00
3.372670514147278809e+00,3.788349855959149082e+00
3.321886509605687987e+00,3.861339715701160191e+00
3.310770697452808164e+00,3.823618294535013007e+00
3.312078440059028406e+00,3.775975921559271864e+00
3.344989962315596088e+00,3.794891142866573031e+00
3.413864406243248162e+00,3.782462697742468016e+00
3.228506884048452985e+00,3.832340010411578568e+00
3.221532256815273332e+00,3.861394226425388876e+00
3.103453997328548208e+00,3.859213797456246819e+00
3.225292016808158913e+00,3.710181477415428031e+00
3.198701250481660097e+00,3.821001779772042806e+00
3.151513538107177936e+00,3.834356907208034571e+00
2.696340117065799902e+00,3.884779327119431080e+00
2.819976282628964714e+00,3.864065251912585541e+00
3.339323077688637564e+00,3.678580286025017632e+00
3.555031187225964118e+00,3.601556632690096293e+00
3.535306069582127009e+00,3.680052075579189008e+00
3.445686142994631052e+00,5.209666544496152518e+00
3.658506320943219148e+00,5.220132603548032435e+00
3.634531039829163035e+00,4.839132606944090753e+00
3.817981437389884825e+00,4.775573102493617661e+00
3.734013464215430123e+00,4.684827744791661530e+00
4.015326600141708724e+00,4.441070784180203290e+00
3.471895484394316167e+00,4.151415793768317819e+00
2.816434479737116803e+00,4.131519379424902105e+00
2.725927793531555121e+00,4.011065677018392783e+00
3.400950448006812898e+00,4.035704524369690738e+00
3.589849834116604743e+00,4.032815455985577557e+00
4.100260357522190979e+00,4.042082279104429965e+00
4.341850827040286021e+00,4.027854980080781466e+00
4.933341407287374913e+00,4.040228914480660016e+00
3.618293235801916197e+00,3.762184708329451954e+00
3.514218720056809797e+00,3.752209245795629755e+00
3.551107959407299841e+00,3.806338394954567050e+00
3.352346014475590774e+00,3.871969306925724830e+00
3.342701412754709001e+00,3.862211887288816925e+00
3.481976000317270614e+00,3.639387075304700847e+00
3.597151397001340012e+00,3.540831685899506365e+00
3.612953286826511956e+00,3.584603797455021557e+00
4.997420794992216919e+00,3.559692396482580179e+00
5.046842567652328526e+00,3.541758368211390895e+00
4.877450418364269957e+00,3.434714303965102911e+00
4.766128829009686818e+00,3.335777339490308968e+00
4.234249485384608214e+00,3.333814953418081650e+00
4.109196598664703437e+00,3.323621447987345157e+00
3.917191415399857046e+00,3.379004343803538202e+00
3.939314061155099189e+00,3.388325677646618406e+00
4.058645573972786913e+00,3.305905462613071055e+00
3.858630436733262226e+00,3.406041663020892507e+00
3.837815533584241212e+00,3.389252359958503824e+00
3.707531676439450141e+00,3.481429994628958191e+00
4.222261844827580823e+00,3.244541324223127798e+00
4.100423825347968787e+00,3.266345613914542589e+00
4.179596742299612977e+00,3.242197363081301020e+00
4.364899790474934704e+00,3.277629333829848779e+00
4.789341260270113310e+00,3.173077764759516306e+00
4.928546351064563957e+00,2.789243241019276898e+00
3.844081800239051105e+00,5.337751687247488164e+00
3.761639526771853870e+00,5.212828166501407345e+00
3.990588469174022990e+00,5.118797167207182142e+00
4.107888856058481863e+00,5.267883997972229615e+00
5.183159772625399953e+00,5.193858434469876606e+00
3.753902049685045039e+00,5.010063270509808930e+00
3.673163935987949102e+00,4.964328772882066865e+00
3.676324313952983314e+00,4.917885635839352787e+00
3.623360738401022907e+00,4.959586339874183736e+00
3.567836166911880547e+00,4.940235032773053980e+00
3.649842526177004221e+00,5.077111461310908069e+00
3.514600144983623942e+00,4.953426628036359247e+00
3.549473281149523096e+00,5.058686836521663288e+00
3.569307377343879040e+00,5.032303645995051866e+00
3.367003629520320285e+00,4.989240173854507354e+00
3.461869457746618917e+00,4.964328772882066865e+00
3.357903920552031796e+00,5.028269852402139861e+00
3.407925075239992996e+00,5.015132767863062391e+00
3.444650846764706120e+00,4.919466446841980201e+00
3.140833640156371231e+00,4.916740910630553962e+00
3.054156195456020129e+00,4.757093966980143307e+00
2.994272481946139042e+00,4.755458645253287209e+00
3.165190346197241045e+00,4.761781889263797751e+00
3.127483767717862406e+00,4.754313920044488384e+00
3.268883437015533744e+00,4.761781889263797751e+00
3.179085111388342266e+00,4.701384006818580374e+00
3.196903104398106876e+00,4.777153913496245075e+00
3.155709212302137079e+00,4.831446594827868424e+00
3.230740944334081099e+00,4.801356675053715328e+00
3.178649197186267816e+00,4.759001842328142828e+00
3.122307286568236862e+00,4.709233551107488758e+00
3.460016822387806279e+00,4.808988176445710749e+00
3.308427658616660771e+00,4.734908102219129056e+00
3.424380836368277059e+00,4.892444095239600443e+00
3.599657903663263880e+00,4.776063699011674935e+00
3.540918464933826559e+00,4.883340804293434090e+00
3.541572336236937346e+00,4.814657291765479741e+00
3.660413445577292091e+00,4.785657586475896785e+00
3.542934568118417893e+00,4.837715328114149393e+00
3.593010212081638954e+00,4.861645536050477112e+00
3.638345289097308921e+00,4.801302164329486644e+00
3.557537693887887986e+00,4.811168605414851918e+00
3.643794216623230220e+00,4.828284972822611820e+00
3.546421881735008164e+00,4.803046507504799223e+00
3.687707123554634148e+00,4.859519617805563740e+00
3.837815533584241212e+00,4.842403250397802950e+00
3.736683438703131799e+00,4.806153618785826254e+00
3.836289833876982858e+00,4.730928819350446624e+00
3.803051375968859116e+00,4.716483477429883386e+00
3.756081620695413736e+00,4.805663022267770756e+00
3.707368208613672778e+00,4.760146567536941653e+00
3.704916191227007882e+00,4.886447915574461121e+00
3.718974424243886023e+00,4.718936460020167978e+00
3.819997540574476602e+00,4.695496848601896644e+00
3.819125712170329034e+00,4.736924999015585058e+00
3.743985001587867956e+00,4.767069429513965950e+00
3.951029255335830825e+00,4.620723133098903368e+00
3.918826093657632903e+00,4.531271034639874351e+00
3.804686054226635861e+00,4.641600740478431852e+00
3.816673694783664139e+00,4.633587664016837415e+00
3.277919113399024198e+00,4.649940881285398397e+00
3.135711648282004660e+00,4.639638354406204535e+00
3.151731495208214273e+00,4.665912523484360364e+00
3.085200090116709148e+00,4.523257958178279026e+00
3.145519717828663797e+00,4.687498770278859972e+00
3.087270682576559455e+00,4.575588253437674169e+00
3.158978568817690569e+00,4.549205062911062747e+00
2.949754744059358114e+00,4.695947932534283886e+00
3.028655214634705661e+00,4.614726953433763157e+00
3.060912865588163001e+00,4.514100156507884876e+00
2.925615995119524637e+00,4.624974969588728335e+00
2.995198799625546027e+00,4.638657161370090876e+00
2.981086077333408912e+00,4.566375941043052222e+00
2.912811015433608208e+00,4.528927073498047129e+00
2.856538586327901363e+00,4.542990840349009574e+00
2.751265306527091781e+00,4.312207432103942750e+00
2.803411542950164037e+00,4.493074015094226326e+00
2.792513687898319219e+00,4.432240046855180360e+00
2.739659090896878091e+00,4.372659825273389700e+00
2.980813630957112714e+00,4.458405194484877931e+00
2.904855581245762153e+00,4.400950891148000643e+00
3.013125771185829027e+00,4.463965288356188665e+00
3.578461575587427834e+00,4.397298672624688542e+00
3.791499649613905731e+00,4.378983069283900242e+00
3.965141977627968828e+00,4.441016273455974606e+00
4.164067298850736343e+00,4.396699054658174788e+00
5.327432381274743278e+00,4.135444151569355853e+00
5.442786176998508196e+00,4.207452818275252859e+00
5.144090962264540323e+00,4.237215673704032959e+00
5.163707101357858598e+00,4.169567864936420065e+00
2.738896241043248914e+00,4.144765485412436057e+00
2.722277012089187931e+00,4.244465600026429364e+00
2.760528483321158966e+00,4.220698924262786811e+00
2.662353801541113008e+00,3.991278284123433995e+00
2.607374122804561711e+00,3.927718779672960014e+00
2.844659924321391919e+00,4.005887158216681954e+00
2.840191803750136135e+00,3.965930797357164916e+00
3.112172281370022109e+00,4.094630617260738958e+00
3.529639184955168485e+00,4.002180428969142056e+00
3.724695798146103964e+00,3.938675435242895873e+00
5.187627893196655293e+00,3.894412727169323851e+00
5.235523966149507658e+00,4.092940784809655064e+00
5.126272969254776157e+00,4.033851159745920789e+00
5.216725166185078422e+00,3.918615488726794993e+00
5.132539235909585607e+00,3.969692037328933498e+00
5.298062661910024396e+00,3.934859684546897718e+00
5.333208244452221969e+00,3.909730240677543822e+00
5.291959863080992754e+00,4.026655744147753069e+00
5.301658954077134389e+00,3.736128582148212196e+00
5.415868475020456430e+00,3.789276538271034500e+00
5.334570476333701627e+00,3.761149004569109611e+00
5.304982799867946852e+00,3.869352792162755073e+00
5.308088688557720758e+00,3.779573629358353504e+00
5.322964260703488826e+00,3.783280358605896065e+00
5.200378383607312749e+00,3.723591115575648036e+00
5.234870094846397315e+00,3.789222027546806260e+00
5.248655881486980590e+00,3.858559668765504824e+00
5.217596994589224657e+00,3.774831196350473039e+00
3.449990795740109917e+00,3.834302396483805886e+00
3.308972551369252724e+00,3.798979447183714164e+00
2.872177008327296832e+00,3.807864695232964891e+00
2.773823866484407930e+00,3.761312536741795221e+00
2.793875919779800210e+00,3.820838247599357640e+00
2.609008801062338012e+00,3.768235398718819962e+00
2.616909745974924650e+00,3.565034447456976618e+00
2.704186572703127123e+00,3.562417932694006417e+00
2.788862906455952473e+00,3.525568683115516411e+00
2.712795878194083965e+00,3.524696511527860121e+00
2.762163161578936155e+00,3.580297450240966572e+00
2.885947802730813638e+00,3.578444085617196180e+00
3.019991419868490290e+00,3.592780406089301160e+00
2.897880954012582055e+00,3.602537825726209064e+00
3.583147653259720844e+00,3.586348140630334580e+00
5.140113245170617517e+00,3.647836237560123873e+00
5.129106411568255197e+00,3.592071766674330480e+00
5.150357228919350661e+00,3.510632744676896788e+00
5.096685292789020494e+00,3.529984051778026988e+00
5.189807464207023102e+00,3.565961129768861593e+00
5.180435308862437083e+00,3.586893247872619206e+00
5.158857555859787780e+00,3.563072061384748856e+00
5.099464245827240561e+00,3.636770560541729758e+00
5.190515824785394194e+00,3.520989782280318448e+00
5.295501665972842886e+00,3.536797892306594360e+00
5.309396431163942331e+00,3.619000064443227860e+00
5.344324056605100459e+00,3.667133033937025832e+00
5.291360481053141385e+00,3.687356512625812766e+00
5.326669531421115877e+00,3.549989487569900071e+00
5.519437595051162937e+00,3.486663024154898149e+00
5.292450266558326177e+00,3.481811569698558095e+00
5.288962952941735907e+00,3.422176837392538751e+00
5.305473203345279387e+00,3.339647600910534919e+00
5.198198812596944052e+00,3.363468787398405269e+00
5.112432693338934797e+00,3.361397379877721026e+00
5.094015318301318374e+00,3.457554297416860045e+00
5.107528658565605006e+00,3.497401636827920157e+00
5.096794271339538440e+00,3.421740751598711050e+00
5.199288598102127068e+00,3.396338754108212843e+00
5.119843234774187124e+00,3.387180952437818249e+00
5.221847158059444105e+00,3.376278807592111963e+00
5.239883108170245940e+00,3.341828029879676087e+00
5.068474809930236802e+00,3.354638050073382782e+00
5.046025228523438599e+00,3.371917949653828739e+00
3.176033711973826001e+00,3.362814658707664162e+00
3.105415611237879236e+00,3.454610718308518180e+00
3.157234912009395877e+00,3.416943807866600125e+00
2.732248549461624876e+00,3.403752212603293081e+00
2.843461160265688736e+00,3.379004343803538202e+00
2.766358835773894853e+00,3.370010074305829217e+00
2.882039567149214943e+00,3.183162248741795874e+00
2.787555163849730899e+00,3.264219695669629662e+00
2.908887787614944376e+00,3.152745264622272447e+00
2.997105924259618526e+00,3.146258488439075851e+00
2.978416102845706792e+00,3.158577912114726161e+00
2.900223992848729004e+00,3.174713086486372404e+00
5.062426500376463245e+00,3.178910412251970019e+00
5.246258353375573336e+00,3.266945231881056344e+00
5.195474348833982958e+00,3.173459339829116210e+00
5.084370716580437488e+00,3.004218539238067809e+00
5.248710370762238675e+00,3.099824898462498091e+00
5.262605135953339008e+00,2.999421595505955995e+00
4.272282999515543800e+00,2.911550308049554836e+00
3.608812101906811787e+00,3.032782158733820843e+00
3.559717264898256683e+00,2.939187245233423784e+00
3.364061208656322410e+00,3.071593794384538167e+00
3.313658629041545733e+00,2.841519025554442912e+00
3.362426530398545665e+00,2.848932484049524039e+00
3.598295671781784222e+00,2.755010506203756204e+00
3.855361080217709180e+00,2.738493756762509168e+00
3.924928892486665877e+00,2.896847410646408161e+00
3.976802682533441491e+00,2.792731927369902944e+00
4.410561803142160286e+00,2.772126873611516107e+00
4.509063418666787726e+00,2.803634072215610562e+00
4.571726085214888435e+00,2.775779092134828208e+00
5.238684344114543201e+00,2.884582497694986980e+00
5.130959046927068279e+00,2.677620275937790950e+00
5.014693895249388689e+00,2.615968646835316047e+00
4.994968777605550692e+00,2.598525215082184481e+00
4.557722341473269267e+00,2.654725771761805575e+00
3.987319112658470388e+00,2.679746194182704322e+00
4.336183942413327053e+00,2.453705218945520183e+00
4.548840589606017559e+00,2.339832316032107062e+00
4.991317996163184390e+00,2.436043744295474323e+00
4.941133373649444493e+00,2.461009655992143941e+00
5.152318842828680800e+00,2.176424285027847461e+00
5.002215851215026987e+00,2.289043441284003944e+00
4.850096802184141964e+00,2.211801745052167423e+00
5.814372988769099138e+00,5.523345705107097992e+00
5.827613882657088240e+00,5.615686871950239301e+00
5.874202213003719919e+00,5.598843058163621933e+00
5.804891854873995172e+00,5.483131788764994852e+00
5.846739618273074868e+00,5.385557592395914916e+00
5.856929112746548149e+00,5.419790327211435610e+00
5.844505557987447197e+00,5.333336318584976254e+00
5.829793453667457825e+00,5.369367907300039100e+00
5.821946998030130160e+00,5.476099905339514073e+00
5.100717499158202273e+00,5.300629884047854290e+00
5.114067371596711098e+00,5.404472813703217859e+00
4.971047985766753996e+00,5.467487210911404993e+00
3.629082112303241736e+00,5.319654126803613714e+00
3.483937614226602086e+00,5.228472744354998092e+00
3.922912789302074543e+00,5.266030633348458778e+00
5.028370703339452241e+00,5.257417938920350586e+00
5.265166131890522294e+00,5.168347415530921474e+00
5.180326330311919136e+00,5.153629519989216590e+00
5.329884398661408618e+00,5.283910150895419378e+00
5.429817729486814848e+00,5.171181973190805081e+00
5.337185961546144775e+00,5.210538716083808808e+00
5.377834960889519955e+00,5.249023287389156245e+00
5.837095016552192206e+00,5.210102630289981107e+00
5.866137800265356361e+00,5.021128947528200825e+00
5.840418862343005557e+00,4.929932505893859229e+00
5.882430093567863061e+00,5.033720924824994114e+00
5.425404098190818480e+00,5.071278813818454800e+00
5.220757372554259312e+00,4.965473498090864801e+00
5.179018587705699339e+00,5.018948518559060545e+00
5.156187581372087436e+00,5.002377258393585713e+00
4.993770013549848841e+00,4.966127626781608129e+00
5.066131771094090297e+00,5.060104115351605536e+00
5.019162015820644029e+00,5.036446461036420352e+00
5.018290187416496018e+00,5.023908994463858413e+00
5.007555800190431228e+00,4.960894597255668614e+00
2.696394606341058875e+00,5.066972466604400260e+00
5.444420855256285385e+00,4.799285267533032417e+00
5.446382469165617302e+00,4.854286588279625114e+00
5.862813954474543898e+00,4.864589115158818089e+00
5.864666589833358756e+00,4.829865783825240122e+00
5.832136492503604330e+00,4.741285856953867395e+00
5.317569822452824724e+00,4.657299829056250395e+00
5.313973530285717395e+00,4.497474385618181358e+00
5.261787796824450858e+00,4.573353313744304316e+00
5.275737051290811053e+00,4.649286752594655958e+00
5.276772347520735984e+00,4.572099567087048122e+00
5.241517786428021353e+00,4.446249302981914120e+00
5.237540069334098547e+00,4.464455884874245051e+00
5.372712969015154272e+00,4.474431347408068582e+00
5.373148883217226945e+00,4.311771346310114161e+00
5.317733290278602531e+00,4.439380951729119396e+00
5.328358698954150263e+00,4.461294262868991112e+00
5.282206282809593034e+00,4.244193046405286829e+00
5.169101539608520035e+00,4.240704360054660782e+00
5.200814297809385423e+00,4.284803535955545861e+00
3.839722658218312823e+00,5.197565163717417391e+00
3.574756304869800783e+00,4.992783370929362974e+00
3.604670916987112061e+00,5.067026977328628945e+00
3.862826110928222256e+00,4.516553139098169467e+00
3.112335749195800361e+00,4.319511869150566952e+00
3.826917678532396838e+00,4.374567700621388333e+00
3.962199556763970509e+00,4.337936493939811733e+00
4.144669116858454849e+00,4.444177895461229433e+00
4.154967589882446077e+00,4.226095485961412379e+00
3.847024221103048980e+00,4.129556993352673899e+00
3.794006156275829600e+00,4.140786202543752736e+00
3.590776151796012172e+00,4.163898749616651962e+00
3.515090548460956921e+00,4.181723756439383877e+00
3.603962556408741857e+00,4.198458548777543875e+00
3.355288435339588649e+00,4.196823227050688665e+00
3.426287961002350002e+00,4.181124138472869234e+00
3.318998578016949086e+00,4.264034950024473858e+00
3.103072572401732288e+00,4.227022168273297353e+00
2.600018070644567025e+00,4.043336025761686159e+00
2.775240587641147894e+00,3.987189979806293749e+00
2.929103308736114908e+00,4.016843813786618256e+00
2.951389422317133970e+00,3.971817955573845982e+00
3.062547543845940190e+00,3.962714664627680961e+00
3.021789565952044399e+00,3.931043933850900896e+00
3.065380986159419230e+00,3.952466648472715782e+00
2.887092077511256960e+00,3.981466353762296961e+00
3.085200090116709148e+00,3.946743022428719883e+00
3.294968807627634000e+00,4.075006756538466668e+00
3.307065426735179781e+00,4.008612694428108192e+00
3.395229074104595401e+00,3.976996474375557700e+00
3.768450686179256159e+00,4.040392446653346070e+00
4.014945175214894135e+00,3.926683075912617671e+00
4.018541467382001464e+00,4.086617540799145409e+00
4.235121313788755337e+00,4.073971052778124324e+00
4.176381875059319349e+00,3.926083457946103916e+00
4.338200045597917942e+00,4.012264912951420293e+00
4.348389540071392112e+00,4.007031883425480778e+00
4.439768054681100473e+00,3.954374523820713527e+00
4.598316851541387251e+00,3.960370703485852850e+00
5.302367314655502817e+00,3.978086688860127840e+00
5.339256554005993749e+00,3.966857479669049447e+00
5.237540069334098547e+00,3.891647678372225805e+00
4.633898348285656610e+00,3.854035278654535990e+00
4.339071874002065954e+00,3.813043214034677053e+00
4.323161005626374731e+00,3.849619909992024969e+00
3.748834547085937441e+00,3.902271818524368108e+00
3.431682399253012772e+00,3.809718059856736172e+00
3.434570330841750785e+00,3.706801812513258465e+00
3.041514683595881063e+00,3.706093173098287785e+00
2.873103326006703817e+00,3.886741713191657954e+00
2.859862432118712938e+00,3.790148709858691234e+00
2.771698784749298206e+00,3.874967396758295823e+00
2.803956435702755989e+00,3.696608307082521527e+00
3.012853324809532829e+00,3.567105854977660861e+00
2.951171465216098078e+00,3.605481404834550929e+00
3.022824862181969330e+00,3.612295245363117857e+00
3.138599579870743117e+00,3.647618194663209579e+00
3.183662210510116441e+00,3.681578375857588181e+00
3.167424406482869159e+00,3.629956720013163274e+00
3.222894488696752990e+00,3.581060600380166381e+00
3.263815934416427034e+00,3.601502121965868053e+00
3.241039417358073216e+00,3.646637001627095920e+00
3.416370912905172030e+00,3.665225158589025867e+00
3.432172802730345307e+00,3.567596451495717691e+00
3.410976474654509261e+00,3.579806853722910187e+00
3.421274947678501377e+00,3.690354602458381983e+00
3.398443941344889030e+00,3.506707972532442152e+00
3.381497776739272876e+00,3.660646257753829680e+00
3.455385233990772686e+00,3.597631860545641658e+00
3.404274293797625806e+00,3.626140969317166007e+00
4.239153520157938004e+00,3.653614374328348013e+00
4.129466609061132054e+00,3.677544582264676176e+00
5.065695856892016735e+00,3.564707383111605843e+00
5.028861106816784776e+00,3.649526070011208212e+00
5.025918685952786902e+00,3.626140969317166007e+00
5.183432219001695707e+00,3.646637001627095920e+00
5.148232147184240937e+00,3.339484068737849309e+00
5.176621059594292973e+00,3.387508016783190357e+00
5.133302085763214784e+00,3.457717829589545211e+00
5.068910724132311252e+00,3.343626883779218240e+00
5.035018394921077167e+00,3.491623500059694685e+00
4.940261545245296482e+00,3.311901642278209046e+00
5.002215851215026987e+00,3.347606166647901116e+00
5.043791168237810929e+00,3.306123505509984906e+00
3.886840889080472206e+00,3.308085891582211779e+00
3.623469716951542186e+00,3.435150389758931055e+00
3.498907233708969056e+00,3.405496555778607437e+00
3.606414573795407197e+00,3.388543720543532256e+00
3.643031366769601487e+00,3.395248539623642703e+00
3.529639184955168485e+00,3.417379893660427825e+00
3.566691892131436337e+00,3.367666113164002883e+00
3.467263895997281686e+00,3.416507722072771980e+00
3.383404901373344931e+00,3.325365791162658180e+00
3.333874150162715821e+00,3.458317447556058966e+00
3.375558445736017266e+00,3.339211515116706774e+00
3.102091765447066773e+00,3.408930731405004799e+00
3.261527384855539058e+00,3.328527413167913007e+00
3.203877731631286530e+00,3.458535490452973260e+00
3.256132946604876288e+00,3.443654062738582766e+00
3.130371699306600863e+00,3.335123210799566529e+00
3.015959213499308067e+00,3.481866080422787224e+00
2.852615358509237087e+00,3.238763187454904102e+00
3.046636675470248523e+00,3.218321665869201098e+00
3.149497434922586603e+00,3.191829453894133195e+00
3.241529820835406195e+00,3.111426135657041403e+00
3.433752991712862190e+00,3.186868977989336660e+00
3.294205957774004823e+00,3.213906297206690521e+00
3.325973205250129183e+00,3.103249527022760912e+00
3.619927914059692942e+00,3.112516350141612431e+00
3.629245580129019100e+00,3.196244822556645104e+00
3.771992489071105403e+00,3.198043676456186368e+00
3.852473148628969390e+00,3.267926424917170003e+00
3.757879766778967845e+00,3.257242322968377124e+00
4.072104424961814573e+00,3.150946410722730295e+00
3.966449720234190401e+00,3.286351049706416116e+00
3.930759244939400876e+00,3.197825633559272518e+00
4.165484020007474975e+00,3.123363984263090920e+00
4.210819097023144053e+00,3.099978883569048715e+00
5.056051255171134962e+00,3.282044702492361132e+00
5.027607853485823064e+00,3.234402329516620433e+00
4.924187209043826563e+00,3.194773033002474172e+00
5.005321739904802669e+00,3.245358985086555847e+00
5.328304209678891290e+00,3.199242912389214322e+00
5.102297688140719600e+00,3.068105108033913009e+00
5.105948469583086791e+00,2.968568525592604423e+00
5.103006048719089804e+00,3.005199732274181024e+00
5.045861760697661680e+00,2.958538552334553984e+00
4.944947622917588603e+00,3.056003727255176994e+00
5.067385024425052897e+00,2.996314484224929853e+00
4.960640534192243933e+00,3.021552949542742006e+00
4.934485682067819567e+00,3.082332407057560619e+00
4.427616946298295275e+00,2.971784658322087935e+00
4.449794081328796835e+00,3.049353418899296120e+00
4.190549086626716324e+00,2.958756595231467834e+00
4.117043054302030214e+00,3.093180041179039108e+00
3.794060645551089017e+00,2.913185629776411822e+00
3.745292744194088197e+00,2.940168438269536999e+00
3.638181821271529781e+00,2.909696943425785332e+00
3.550944491581522922e+00,2.954995355259698808e+00
3.400569023079998310e+00,3.070503579899968027e+00
3.405691014954364881e+00,2.973147426427801943e+00
3.445032271691520709e+00,3.067287447170484516e+00
3.854707208914598837e+00,2.880385171929389809e+00
4.010313586817860987e+00,2.817152731824287049e+00
4.058645573972786913e+00,2.807231780014693978e+00
4.059299445275897256e+00,2.850840359397522672e+00
4.399173544612983378e+00,2.737076477932568253e+00
5.003305636720211780e+00,2.815081324303602806e+00
5.123330548390779171e+00,2.853729427781635408e+00
5.188554210876062278e+00,2.861033864828260054e+00
5.207461989391010349e+00,2.795839038650929087e+00
5.224244686170850471e+00,2.841464514830214672e+00
5.267073256524595237e+00,2.580318633189852662e+00
5.169973368012668047e+00,2.562875201436721095e+00
5.153190671232828812e+00,2.663665530535284987e+00
5.024284007695010601e+00,2.582390040710536905e+00
4.957698113328246059e+00,2.644532266331069081e+00
5.032457398983893881e+00,2.558241789877295780e+00
4.938681356262779154e+00,2.656960711455175428e+00
4.785962925204042762e+00,2.501005529437332342e+00
4.387512839707511603e+00,2.625671555747996155e+00
4.431594663392217193e+00,2.672659800032993971e+00
4.443255368297690744e+00,2.675494357692878022e+00
4.927075140632566352e+00,2.471857290113621985e+00
4.957643624052987086e+00,2.391672014773444932e+00
5.202612443892940419e+00,2.324950888317717013e+00
5.194384563328798166e+00,2.424051384965196121e+00
5.179508991183031874e+00,2.480633516714417119e+00
5.091781258015690703e+00,2.437297490952730072e+00
3.551271427233077649e+00,5.582326308722374897e+00
3.337470442329824483e+00,5.256981853126521997e+00
4.664902745908151793e+00,5.150740451605104298e+00
3.018138784509676764e+00,4.725041661133763782e+00
3.428467532012718699e+00,4.710596319213202321e+00
2.856375118502124444e+00,4.639311290060834203e+00
2.346167651495228768e+00,4.389231085438865421e+00
3.377302102544312845e+00,4.414796615102048349e+00
5.001670958462434591e+00,4.243320874817629651e+00
5.547336103983882438e+00,3.825635191331469009e+00
2.467569756772767242e+00,3.800505747462112893e+00
4.805851510673657678e+00,3.606571619319121513e+00
5.459078470301014896e+00,3.619054575167456100e+00
3.104271336457435915e+00,3.118948615600579899e+00
3.115332659335057208e+00,3.229823428681423803e+00
3.769159046757625919e+00,3.184361484674824272e+00
5.532133596186560531e+00,2.832034159538677986e+00
5.838511737708932614e+00,2.594600442937729845e+00
5.004395422225395684e+00,2.576993479011911781e+00
3.230631965783562709e+00,2.445310567414325398e+00
5.475261785053001873e+00,2.375700372574484298e+00
5.565644500470980027e+00,2.359292644581694187e+00
5.374565604373967354e+00,2.012961621205024088e+00
4.589707546050431297e+00,5.947027568258397956e+00
3.762947269378074999e+00,5.412213336543669762e+00
2.814745312204080641e+00,5.054707553652979968e+00
2.999067538168950886e+00,4.775464081045160292e+00
2.966373973013419985e+00,4.892498605963828240e+00
3.628973133752722902e+00,4.213885083734219883e+00
2.890906326779402402e+00,4.210396397383594724e+00
2.532778304974692141e+00,3.951648987609288177e+00
2.652382264168676063e+00,3.730895552622271794e+00
4.887803380663521047e+00,3.663208261792569420e+00
5.755143146562328837e+00,3.396066200487070308e+00
5.525213458228640739e+00,3.457990383210688190e+00
3.749924332591121789e+00,3.380367111909252209e+00
5.419083342260749170e+00,3.230641089544850963e+00
4.776263834207902015e+00,2.992280690632017848e+00
4.316731271145786586e+00,2.082299262423722208e+00
3.427595703608571132e+00,4.799121735360346364e+00
5.147959700807944294e+00,4.729129965450903583e+00
5.108890890447084665e+00,4.609384902459367161e+00
5.118644470718485273e+00,4.549041530738377581e+00
3.375558445736017266e+00,4.606495834075254869e+00
3.299872842400963791e+00,4.541573561519068214e+00
3.179738982691453053e+00,4.630589574184267754e+00
3.126938874965270010e+00,4.623612201483014772e+00
3.110483113836986391e+00,4.582729158311613205e+00
2.999067538168950886e+00,4.543099861797466055e+00
2.618271977856405197e+00,4.407546688779653721e+00
2.820303218280520774e+00,4.342188330429637588e+00
2.827604781165256043e+00,4.389176574714636736e+00
2.963540530699940057e+00,4.397571226245831078e+00
2.942071756247808700e+00,4.483534638354234048e+00
2.884640060124592509e+00,4.341425180290437780e+00
5.041829554328479013e+00,4.370097821234648627e+00
5.032947802461226416e+00,4.340280455081638067e+00
5.132593725184844580e+00,4.454480422340424184e+00
5.084152759479398931e+00,4.376094000899787950e+00
5.055070448216469003e+00,4.281968978295663142e+00
5.082533042947114943e+00,4.219336156157073248e+00
3.016068192049826457e+00,4.208761075656737738e+00
2.746252293203244044e+00,4.277117523839322644e+00
2.660119741255484893e+00,3.944780636356492121e+00
5.137116335031359782e+00,3.905587425636174448e+00
5.121968316509297736e+00,4.048678076736083042e+00
5.115320624927672810e+00,3.982556568246867990e+00
5.147850722257426348e+00,4.030471494843752112e+00
5.113685946669896509e+00,4.002616514762969757e+00
5.173787617280813933e+00,3.947669704740604857e+00
5.125946033603220542e+00,3.980539671450411987e+00
5.323509153456080334e+00,3.917143699172624061e+00
5.350481344709392850e+00,3.849946974337396188e+00
5.376363750457521462e+00,3.764256115850136197e+00
5.153408628333865593e+00,3.852018381858079987e+00
5.102243198865460627e+00,3.739290204153466135e+00
5.136680420829286220e+00,3.880854554974976001e+00
2.830274755652958163e+00,3.635789367505616987e+00
5.006411525409986574e+00,3.667896184076224753e+00
5.264185324935856336e+00,3.551079702054470655e+00
5.153517606884384428e+00,3.605808469179920817e+00
5.303348121610168775e+00,3.664734562070969037e+00
5.346994031092804356e+00,3.485082213152270292e+00
5.240046575996023748e+00,3.401735315806837967e+00
5.224626111097665060e+00,3.404896937812092794e+00
3.392014206864301329e+00,3.486717534879126390e+00
2.752246113481757739e+00,3.482356676940844054e+00
2.886126262793656583e+00,3.442454826805556145e+00
3.533943837700646462e+00,3.211725868237548909e+00
5.075231480062379674e+00,3.153617436209929181e+00
5.193185799273095427e+00,3.267435828399112729e+00
5.254867658866530178e+00,3.271633154164710344e+00
5.248219967284905252e+00,3.232603475617078281e+00
5.194112116952502411e+00,3.238926719627588824e+00
5.235142541222693957e+00,3.062708546335287885e+00
5.172316406848815440e+00,3.028530322243995432e+00
4.098789147090192486e+00,3.007707225588694300e+00
3.802125058289453019e+00,2.966388096623462811e+00
3.604452959886074837e+00,2.848496398255695894e+00
4.019685742162446118e+00,2.828490962463824143e+00
4.349533814851834990e+00,2.808485526671949728e+00
5.129160900843514170e+00,2.767111886982490443e+00
5.206644650262122198e+00,2.579010375808367783e+00
3.972770476164258824e+00,2.640116897668558060e+00
4.010803990295193522e+00,2.677184190143962805e+00
4.453662819872201695e+00,2.452505983012491786e+00
4.526499986749737303e+00,2.425850238864736941e+00
5.153517606884384428e+00,2.393852443742586544e+00
5.350862769636207439e+00,2.352206250431984724e+00
4.750544896285552099e+00,2.187435451322012003e+00
2.445883025219598217e+00,4.760746185503456296e+00
2.616800767424405816e+00,4.716265434532970424e+00
2.578821742568731423e+00,4.833899577418151239e+00
2.636089970866169363e+00,4.798086031600004020e+00
2.636035481590910390e+00,4.787401929651210253e+00
2.674068995721844644e+00,4.803046507504799223e+00
2.654234899527488700e+00,4.770830669485735420e+00
2.777256690825738783e+00,4.815256909731991719e+00
2.735136481050362889e+00,4.777480977841616294e+00
2.812620230468971805e+00,4.829593230204097587e+00
2.850762723150424005e+00,4.818364021013018750e+00
2.921583788750341970e+00,4.870367251927041785e+00
2.477422650238852331e+00,4.572208588535504603e+00
2.611678775550040132e+00,4.669619252731900261e+00
2.504225924738861853e+00,4.688534474039202316e+00
2.401310798057557871e+00,4.556945585751514649e+00
2.360716287989440332e+00,4.512955431299086051e+00
2.386380736636532163e+00,4.629499359699697614e+00
2.287061780076042439e+00,4.400405783905714685e+00
2.175576722895681936e+00,4.312698028622000024e+00
2.260852438676358211e+00,4.434638518721236267e+00
2.266573812578576597e+00,4.325399027367248017e+00
5.421589848922672594e+00,4.154740947946257812e+00
5.462402316091827359e+00,4.125305156862848044e+00
2.294620797100008325e+00,4.193770626493889431e+00
2.264285263017689065e+00,4.199712295434800957e+00
2.127953096319124882e+00,4.184612824823496169e+00
2.243579338419185998e+00,4.251933569245738731e+00
2.203420742553141576e+00,4.232800305041522826e+00
2.109590210556768763e+00,4.118000719816223842e+00
2.196773050971517982e+00,4.250407268967339114e+00
2.236822668287043125e+00,4.205708475099940280e+00
2.162989700310802732e+00,4.196114587635717541e+00
2.039423016259961141e+00,4.171039654490590998e+00
1.977904624492303975e+00,3.937912285103696064e+00
2.045961729291068121e+00,4.077732292749892906e+00
2.014357949640719792e+00,4.006704819080109559e+00
2.158957493941620509e+00,4.029054216013809864e+00
2.188000277654784220e+00,4.058871582166820424e+00
5.467742265067230711e+00,3.926574054464161634e+00
5.434776253535402724e+00,3.946197915186433480e+00
5.869407156780909851e+00,3.864555848430644147e+00
5.866410246641652115e+00,3.778974011391841525e+00
5.841454158572930488e+00,3.825362637710326030e+00
5.513116839121093626e+00,3.867499427538985124e+00
5.522434505190419785e+00,3.781808569051725133e+00
5.507667911595172328e+00,3.792765224621661879e+00
5.517367002591312186e+00,3.840189554700487840e+00
5.503526726675470826e+00,3.786714534232292984e+00
5.552403606582990037e+00,3.752154735071401070e+00
5.525485904604935605e+00,3.715578039114052711e+00
5.486744029895631591e+00,3.814733046485761392e+00
5.526303243733824644e+00,3.859922436871217943e+00
5.529572600249378134e+00,3.799088468632171978e+00
5.443385559026360454e+00,3.703422147611089787e+00
5.454773817555535587e+00,3.771996638690588988e+00
5.446273490615098467e+00,3.752917885210599991e+00
5.469703878976561739e+00,3.833648267793063891e+00
2.155851605251845271e+00,3.785787851920408009e+00
2.124629250528313307e+00,3.818930372251359007e+00
2.124520271977794916e+00,3.777829286183041813e+00
1.917584996780348883e+00,3.553805238265896893e+00
2.009018000665316883e+00,3.663099240344112939e+00
2.022149916002788927e+00,3.512813173646038400e+00
2.005803133425024143e+00,3.637479199956700882e+00
5.485560258076996654e+00,3.581714729070908820e+00
5.479784394899517963e+00,3.594143174195014723e+00
5.484143536920255357e+00,3.556203710131953688e+00
5.436846845995254363e+00,3.563344615005892280e+00
5.487843358710356334e+00,3.605263361937637079e+00
5.512898882020057734e+00,3.538869299827279047e+00
5.558288448310985785e+00,3.685012551483985543e+00
5.513334796222130407e+00,3.661082343547657825e+00
5.510065439706577806e+00,3.632191659706533571e+00
5.506251190438432808e+00,3.688283194937697740e+00
5.476886920001240000e+00,3.541921900384076949e+00
5.500366348710437059e+00,3.627176673077508795e+00
5.525376926054417659e+00,3.536143763615851920e+00
5.483093248453265289e+00,3.679125393267304034e+00
5.511918075065391776e+00,3.575555017233083888e+00
5.859108683756917735e+00,3.581387664725537157e+00
5.873384873874831769e+00,3.358290268596694439e+00
5.859871533610546024e+00,3.437494350900757834e+00
5.859217662307435681e+00,3.387180952437818249e+00
5.869352667505649990e+00,3.495439250755692839e+00
5.855185455938254790e+00,3.473689471788506733e+00
5.506033233337395139e+00,3.331307460103568818e+00
5.483256716279042209e+00,3.354910603694524873e+00
5.508812186375616093e+00,3.454120121790461795e+00
5.485599755115188714e+00,3.374588975141026737e+00
5.497096992194883569e+00,3.447360791986123996e+00
5.496170674515476584e+00,3.306450569855357013e+00
5.523306333594567796e+00,3.408930731405004799e+00
5.538345373566111007e+00,3.454501696860061255e+00
5.510882778835466844e+00,3.412364907031402605e+00
5.476777941450721165e+00,3.361015804808121121e+00
5.528918728946266903e+00,3.323348894366202178e+00
5.494862931909255899e+00,3.388543720543532256e+00
5.462020891165012770e+00,3.394212835863299915e+00
5.466924925938342561e+00,3.342209604949275992e+00
5.484524961847069946e+00,3.406259705917806357e+00
5.434885232085921558e+00,3.486335959809526486e+00
5.477713802439667212e+00,3.448341985022237211e+00
5.465835140433158656e+00,3.420487004941454856e+00
5.424259823410374715e+00,3.413182567894830655e+00
5.482399880111959334e+00,3.434986857586245002e+00
2.098147462752332881e+00,3.442400316081325684e+00
2.017082413403681773e+00,3.415799082657800856e+00
2.005149262121912912e+00,3.371209310238857171e+00
1.980193174053190841e+00,3.409530349371518554e+00
5.419846192114377459e+00,3.195427161693216611e+00
5.436356442517920939e+00,3.230259514475252391e+00
5.441423945117027650e+00,3.237018844279589747e+00
5.443058623374804839e+00,3.281935681043904207e+00
5.437064803096291143e+00,3.212325486204063107e+00
5.440606605988140387e+00,3.101777737468590868e+00
5.479784394899517963e+00,3.154489607797585027e+00
5.456626452914350445e+00,3.270106853886312059e+00
5.436792356719995389e+00,3.262856927563916543e+00
5.462129869715530717e+00,3.128160927995202734e+00
5.456626452914350445e+00,3.222246438013656622e+00
5.504671001455914592e+00,3.266236592466085664e+00
5.486635051345114533e+00,3.222355459462113103e+00
5.537037630959890322e+00,3.226716317400396772e+00
5.493337232201998432e+00,3.273922604582309326e+00
5.521344719685235880e+00,3.270979025473967905e+00
5.537528034437223745e+00,3.247375881883011850e+00
5.504071619428064110e+00,3.265964038844943129e+00
5.536383759656779979e+00,3.236800801382676340e+00
5.519982487803755333e+00,3.289948757505499088e+00
5.521235741134717934e+00,3.182889695120652895e+00
5.498459224076364116e+00,3.148765981753589127e+00
5.518184341720202113e+00,3.227315935366910526e+00
5.856656666370252395e+00,3.123582027160005214e+00
5.850880803192776369e+00,3.032019008594621035e+00
5.504562022905396645e+00,3.084730878923616082e+00
5.502927344647620345e+00,2.997295677261043068e+00
5.513716221148944996e+00,2.956848719883469201e+00
5.539707605447592442e+00,2.934935408743597041e+00
5.405188577069647948e+00,3.050879719177694849e+00
5.453629542775093597e+00,2.948072493282674955e+00
5.445456151486210317e+00,3.045101582409470264e+00
5.467469818690933181e+00,2.983449953306995805e+00
5.461475998412420374e+00,3.070721622796881878e+00
5.456735431464868391e+00,3.052624062353007872e+00
2.377825920420834738e+00,2.932536936877542022e+00
2.415423520349695430e+00,2.971130529631345940e+00
2.168820052763539064e+00,3.028584832968223228e+00
2.568196333893184136e+00,2.798782617759270508e+00
2.540515782061500971e+00,2.779158757036996441e+00
2.723094351218076081e+00,2.796929253135501003e+00
2.686368579693362957e+00,2.775288495616770934e+00
2.807280281493568008e+00,2.782647443387624264e+00
2.974438385751783986e+00,2.718270278073721791e+00
5.463764547973307018e+00,2.870409709395568054e+00
5.522597973016197592e+00,2.754628931134155412e+00
5.517475981141831909e+00,2.784282765114479918e+00
5.513225817671612461e+00,2.832143180987134468e+00
5.850444888990702808e+00,2.833069863299020774e+00
5.863413336502395268e+00,2.798510064138128417e+00
5.828758157437532894e+00,2.496535650050592192e+00
5.845431875666853294e+00,2.681981133876073731e+00
5.822873315709536257e+00,2.538890482776165136e+00
5.840037437416190080e+00,2.611498767448575897e+00
5.480096338314008442e+00,2.578247225669168863e+00
3.288375605321268047e+00,2.554862124975126214e+00
3.208345852202542314e+00,2.551918545866784793e+00
3.122143818742459054e+00,2.569580020516831098e+00
3.127701724818900075e+00,2.541506997539135781e+00
3.042005087073214931e+00,2.554426039181298069e+00
3.059877569358237182e+00,2.567890188065746759e+00
3.001465066280355920e+00,2.499097654089332821e+00
2.786737824720842749e+00,2.599724451015212434e+00
2.587757983711242105e+00,2.626979813129480146e+00
3.085200090116709148e+00,2.415220647640172746e+00
3.167533385033387994e+00,2.473274568943564677e+00
3.196521679471291399e+00,2.431083268390677343e+00
3.261254938479242860e+00,2.410750768253433041e+00
3.302161391961850878e+00,2.438660259058444080e+00
3.403620422494515019e+00,2.497204776879891952e+00
3.383622858474381712e+00,2.406280888866693335e+00
3.398770876996444645e+00,2.372920325638828487e+00
3.349022168684777867e+00,2.376299990540998497e+00
3.380789416160902228e+00,2.430919736217992178e+00
3.413374002765915183e+00,2.363435459623064006e+00
3.365042015610988368e+00,2.413585325913316648e+00
3.358339834754104469e+00,2.349317182047872432e+00
3.496400727047045187e+00,2.340977041240906331e+00
3.644121152274785835e+00,2.352042718259300003e+00
3.579169936165797150e+00,2.439205366300729150e+00
3.624886438108281705e+00,2.322116330657832961e+00
3.519722136857990513e+00,2.428466753627708030e+00
3.649624569075966996e+00,2.373792497226485221e+00
3.638018353445752862e+00,2.429720500284963780e+00
3.578352597036909000e+00,2.391290439703845028e+00
3.663028930789734350e+00,2.455122497775461987e+00
5.530063003726710669e+00,2.343811598900790827e+00
5.547554061084920107e+00,2.473492611840478528e+00
5.553983795565508252e+00,2.433863315326333154e+00
5.534640102848484844e+00,2.418981887611942216e+00
5.566025925397794616e+00,2.321571223415547891e+00
5.570984449446383380e+00,2.371339514636201073e+00
5.567115710902979409e+00,2.410587236080747875e+00
5.845867789868926856e+00,2.465370513930427165e+00
5.815462774274283042e+00,2.124093989768451873e+00
5.834152595688195220e+00,2.165031543664083458e+00
5.799007013145999423e+00,2.222322314828276024e+00
5.804673897772957503e+00,2.247451758697630808e+00
5.820257830497094886e+00,2.194467334747492782e+00
5.522543483740937731e+00,2.157836128065916181e+00
5.533768274444338608e+00,2.270455284322073108e+00
4.359505352224272379e+00,2.119733131830169093e+00
4.196215971253674404e+00,2.124257521941138371e+00
4.112520444455515012e+00,2.154783527509118279e+00
4.214360899914995073e+00,2.116244445479543046e+00
4.194363335894861322e+00,2.160997750071171897e+00
4.135024515137572187e+00,2.192613970123722389e+00
3.953045358520422159e+00,2.254647174295797196e+00
4.020884506218148857e+00,2.110956905229374403e+00
4.021810823897555842e+00,2.208422080149998745e+00
3.990697447724542268e+00,2.124366543389594852e+00
3.972498029787963070e+00,2.107958815396805630e+00
3.968465823418780847e+00,2.202098836139488203e+00
4.051507478913828564e+00,2.176260752855161407e+00
3.926672549294961012e+00,2.184873447283270487e+00
4.065620201205968343e+00,2.222867422070560650e+00
3.975222493550924163e+00,2.180948675138815851e+00
3.767142943573035030e+00,2.213382556054796169e+00
3.826427275055064747e+00,2.240801450341749046e+00
3.816564716233146193e+00,2.297928689333256003e+00
3.539174808125530980e+00,2.248051376664144119e+00
4.066219583233817936e+00,1.993283249758521558e+00
4.053251135722124587e+00,2.076521125655496736e+00
3.990969894100839799e+00,2.026698323710614869e+00
4.008515440734305990e+00,2.080445897799952704e+00
4.229944832639130681e+00,2.041198176355405014e+00
4.249397503906671147e+00,2.036619275520207939e+00
4.232723785677349859e+00,1.994318953518863902e+00
4.422059040221855142e+00,1.944823215919352810e+00
4.378794555666035038e+00,1.923236969124852314e+00
4.392307895930321671e+00,1.959377579288372084e+00
4.384624908118772701e+00,2.014269878586508966e+00
4.336783324441178422e+00,1.999061386526746364e+00
4.431921599043773696e+00,2.057932968693566345e+00
4.346318947611542249e+00,1.938718014805756784e+00
4.361140030482048680e+00,1.942315722604839978e+00
4.460909893481677102e+00,1.940298825808383976e+00
4.944838644367070657e+00,1.948311902269979967e+00
5.005539697005840338e+00,1.926616634027020769e+00
5.256338869298528671e+00,2.021628826357360964e+00
5.226315278630700334e+00,1.975948839453847139e+00
5.117663663763818427e+00,1.931958685001417653e+00
5.149049486313129087e+00,1.947003644888494422e+00
5.425186141089781700e+00,2.055152921757910978e+00
5.467033904488860507e+00,2.060058886938480160e+00
5.307380327979351442e+00,1.951255481378320056e+00
5.316806972599196435e+00,2.058859651005452207e+00
5.406278362574831853e+00,2.024408873293016331e+00
5.311521512899052055e+00,2.021901379978503943e+00
5.409602208365644316e+00,2.015469114519536031e+00
5.864612100558098007e+00,2.016995414797935204e+00
5.845213918565816513e+00,2.077393297243153913e+00
4.906151258933026504e+00,1.842358052508261679e+00
3.860646539917852671e+00,5.342821184600741624e+00
3.638236310546790087e+00,5.221440860929516425e+00
3.949830491280128086e+00,5.210102630289981107e+00
4.016307407096374682e+00,5.176687556337888019e+00
4.132953922677722325e+00,5.275788052985366683e+00
3.861518368322000683e+00,4.951518752688359726e+00
3.733686528563874951e+00,4.910090602274673088e+00
3.579442382542093792e+00,5.047185073709441916e+00
3.024459540439746075e+00,5.027125127193341037e+00
3.218644325226534431e+00,4.823706071987415633e+00
3.400678001630517144e+00,4.730983330074674420e+00
3.317527367584950149e+00,4.869495080339385495e+00
3.834491687793428749e+00,4.764725468372138728e+00
5.181579583642882625e+00,4.763417210990653849e+00
4.128158866454911369e+00,4.558744439651056801e+00
3.639816499529307414e+00,4.589161423770580228e+00
3.616495089718362088e+00,4.693004353425942021e+00
3.445631653719372078e+00,4.650158924182312248e+00
3.251773804584138894e+00,4.512464834781028777e+00
2.745543932624873396e+00,4.344205227226093591e+00
3.041950597797955069e+00,4.462438988077789048e+00
3.060694908487126220e+00,4.373804550482189413e+00
3.027075025652188778e+00,4.457696555069906807e+00
2.908124937761316087e+00,4.346113102574092224e+00
3.129118445975639151e+00,4.314987479039597673e+00
3.224474677679270762e+00,4.405039195465140445e+00
3.189982966440185752e+00,4.484079745596519118e+00
3.330659282922421749e+00,4.341043605220838764e+00
4.953284482032249691e+00,4.435565201033121241e+00
5.115811028405005345e+00,4.461621327214361443e+00
4.990119232107481650e+00,4.257820727462419796e+00
5.036762051729370526e+00,4.236234480667920188e+00
3.218698814501793848e+00,4.269867597516927127e+00
2.990458232677994044e+00,4.216992195015246914e+00
2.653798985325416027e+00,4.161173213405225724e+00
2.444738750439154451e+00,4.171748293905562122e+00
2.981467502260223057e+00,3.893109920860262196e+00
3.255097650374951801e+00,3.951812519781973787e+00
3.518741329903324999e+00,4.013573170332906059e+00
5.087813053719733247e+00,4.026655744147753069e+00
5.082845016873179134e+00,4.014281809747876295e+00
5.093524914823985839e+00,3.940038203348609436e+00
5.345413842110286140e+00,3.807592141611823244e+00
5.145071769219205393e+00,3.795054675039259973e+00
5.244405718016760254e+00,3.808028227405651389e+00
3.465574728464245968e+00,3.840026022527801786e+00
2.921420320924564606e+00,3.755098314179743824e+00
2.852288422857682360e+00,3.840135043976259155e+00
2.716392170361192182e+00,3.618345935752484976e+00
2.939728717411662196e+00,3.684849019311299934e+00
3.306193598331033101e+00,3.636007410402531281e+00
3.724041926842992734e+00,3.503382818354501271e+00
4.962275212450020234e+00,3.518645821138492114e+00
5.445892065688283878e+00,3.575609527957313016e+00
5.350317876883615043e+00,3.318006843391805738e+00
5.184195068855323996e+00,3.439947333491041981e+00
3.403021040466663205e+00,3.334196528487681110e+00
2.949482297683061915e+00,3.449323178058350425e+00
2.777529137202034537e+00,3.245686049431927067e+00
2.927468630478338163e+00,3.276702651517965137e+00
3.207528513073653720e+00,3.194227925760189102e+00
3.351637653897221014e+00,3.131595103621600096e+00
3.613661647404883936e+00,3.217831069351145157e+00
3.593173679907416318e+00,3.215814172554689154e+00
3.931031691315697962e+00,3.146422020611762349e+00
4.973717960254456116e+00,3.149692664065474546e+00
5.513116839121093626e+00,3.201096277012984714e+00
5.511754607239613080e+00,2.984594678515794186e+00
5.192313970868947415e+00,2.993806990910417021e+00
3.808881728421595891e+00,2.955594973226213007e+00
3.148189692316365029e+00,2.854383556472377848e+00
3.096479370095368111e+00,2.802652879179496459e+00
4.632209180752621336e+00,2.813336981128290226e+00
4.278539738116600155e+00,2.541288954642221043e+00
4.908875722695986710e+00,2.463462638582428088e+00
4.812826137906837332e+00,5.549074766942968751e+00
3.008603161339313825e+00,5.116780270410726139e+00
3.375068042258684731e+00,5.276769246021482118e+00
3.621617081592729104e+00,5.219642007029974273e+00
3.932611880298216178e+00,5.175597341853316991e+00
3.933265751601326077e+00,5.017313196832204447e+00
3.829860099396395157e+00,5.053290274823038608e+00
3.131243527710748875e+00,5.054162446410694898e+00
3.034322099261664629e+00,5.056778961173664655e+00
2.572228540262365026e+00,4.727113068654448469e+00
3.230795433609340073e+00,4.801629228674857863e+00
3.420348629999094836e+00,4.816238102768105378e+00
3.564512321121068084e+00,4.851724584240883154e+00
3.986828709181137409e+00,4.816020059871192416e+00
3.915774694243116638e+00,4.749462465588148774e+00
4.920917852528273961e+00,4.815583974077363827e+00
5.353478254848649698e+00,4.682756337270977731e+00
5.301713443352391586e+00,4.668747081144243971e+00
5.233998266442249303e+00,4.610039031150109601e+00
3.709765736725079144e+00,4.674361685739783390e+00
3.609411483934664044e+00,4.597501564577546773e+00
3.494221156036676934e+00,4.560325250653683327e+00
3.187204013401964797e+00,4.575860807058816704e+00
2.929811669314483780e+00,4.600663186582802489e+00
2.728488789468737963e+00,4.581966008172414284e+00
2.479433304495917589e+00,4.615708146469877704e+00
2.851198637352498011e+00,4.484079745596519118e+00
2.979560377626150558e+00,4.319729912047481690e+00
3.046364229093951881e+00,4.310844663998229187e+00
3.392886035268448897e+00,4.436764436966149638e+00
3.474020566129425003e+00,4.384706695327896142e+00
3.917082436849338212e+00,4.320165997841309391e+00
4.212780710932476858e+00,4.367917392265508347e+00
4.338962895451547119e+00,4.329378310235932226e+00
5.224081218345072664e+00,4.370751949925390178e+00
5.197435962743313986e+00,4.457533022897221642e+00
5.241517786428021353e+00,4.375930468727101896e+00
4.335802517486512464e+00,4.160737127611397135e+00
3.058188401825202352e+00,4.257166598771679134e+00
2.976018574734301314e+00,4.278916377738863908e+00
3.062111629643865740e+00,4.216447087772961844e+00
2.705330847483570889e+00,4.213230955043477444e+00
2.823572574796074264e+00,4.089561119907485498e+00
3.059223698055128171e+00,4.041646193310601376e+00
3.203169371052916770e+00,4.059798264478703622e+00
3.253245015016137831e+00,4.012591977296792400e+00
3.479088068728532157e+00,3.943853954044607146e+00
3.491387713723197006e+00,4.004088304317139801e+00
3.842447121981273472e+00,4.057944899854934562e+00
4.026878326496663441e+00,4.009593887464221851e+00
4.391163621149877905e+00,4.024257272281698938e+00
4.568729175075631588e+00,3.905587425636174448e+00
5.241081872225948679e+00,4.023821186487870349e+00
5.269361806085482769e+00,4.011719805709135223e+00
5.413852371835863764e+00,3.920141789005192834e+00
5.416140921396751295e+00,4.039302232168775042e+00
5.579811712038377891e+00,3.730404956104215852e+00
4.176545342885096268e+00,3.852508978376137705e+00
4.118459775458770622e+00,3.773032342450929999e+00
3.216846179142980766e+00,3.736292114320896918e+00
2.819213432775336425e+00,3.734329728248669600e+00
2.748922267690944832e+00,3.886632691743201473e+00
2.627589643925731799e+00,3.798216297044513912e+00
3.108684967753432282e+00,3.673347256499079005e+00
3.412720131462804396e+00,3.635189749539103232e+00
4.429796517308663972e+00,3.635843878229844783e+00
4.584367597075027057e+00,3.663589836862170213e+00
5.366065277433529346e+00,3.330108224170540865e+00
4.857234897243100313e+00,3.389579424303874600e+00
3.969228673272410024e+00,3.354747071521840152e+00
3.762020951698668902e+00,3.384400905502164214e+00
3.754664899538674216e+00,3.444635255774696425e+00
3.463395157453876827e+00,3.439347715524527782e+00
3.455766658917586387e+00,3.344771608988017064e+00
3.460180290213583199e+00,3.164955666849464055e+00
4.840561179013779025e+00,3.160703830359638200e+00
5.303893014362761171e+00,3.214778468794348143e+00
5.318932054334305271e+00,3.276266565724136548e+00
5.334189051406887039e+00,3.151600539413473179e+00
5.025700728851751009e+00,2.919944959580750066e+00
4.767164125239611749e+00,3.048535758035868071e+00
4.301692231174241599e+00,2.825056786837425005e+00
4.772231627838719348e+00,2.853674917057406724e+00
5.394999082596173778e+00,2.781502718178824995e+00
3.385312026007416986e+00,2.406226378142464650e+00
4.702594334057438985e+00,2.340431933998620373e+00
5.863794761429209856e+00,2.125075182804565976e+00
5.571202406547421937e+00,2.195612059956292494e+00
4.350078707604427386e+00,2.098543458243826265e+00
4.981782372992820562e+00,2.006311312849142325e+00
4.644905181888018042e+00,6.261975534712324709e+00
4.595319941402130404e+00,6.237554730257940605e+00
4.613519359338708270e+00,5.927240175363439612e+00
4.672912669371257266e+00,5.753202431040279841e+00
4.630846948871139901e+00,5.842872572396221820e+00
4.665829063587557890e+00,5.795066667247796843e+00
4.613464870063450185e+00,5.793213302624025118e+00
4.389855878543657219e+00,5.751240044968051635e+00
4.342395719792877529e+00,5.697056385084887431e+00
4.233922549733053486e+00,5.653190250219471302e+00
4.307522583626978374e+00,5.621846583788062901e+00
4.640818486243577290e+00,5.691729332249047424e+00
4.549984864386460437e+00,5.658423279745412593e+00
4.765474957706575587e+00,5.659404472781525364e+00
4.749400621505106557e+00,5.597807354403278701e+00
4.705754712022473640e+00,5.677283990328485963e+00
4.729348568209714720e+00,5.535556107334289599e+00
4.736159727617116566e+00,5.663874352168265069e+00
4.013201518406599000e+00,5.418536580554179416e+00
4.970339625188384680e+00,5.139511242414026349e+00
4.958842388108688937e+00,5.249077798113384041e+00
4.981782372992820562e+00,5.159625699654355913e+00
4.486886283636286166e+00,4.970924570513719054e+00
4.206296487176628851e+00,4.972886956585946372e+00
4.076736013358846833e+00,4.815911038422735047e+00
4.204552830368334604e+00,4.784676393439783126e+00
4.248471186227264162e+00,4.731092351523131789e+00
4.212181328904624600e+00,4.759110863776599309e+00
4.500890027377905334e+00,4.836134517111521980e+00
4.514021942715377378e+00,4.840876950119405109e+00
4.861049146511246200e+00,4.769522412104250542e+00
4.931270814827525939e+00,4.836461581456893200e+00
4.840234243362223410e+00,4.686463066518517628e+00
4.788414942590707213e+00,4.626555780591355749e+00
4.594557091548500338e+00,4.618161129060161407e+00
4.513204603586488339e+00,4.627700505800154573e+00
4.520833102122778335e+00,4.509739298569602539e+00
4.587527975040062600e+00,4.630807617081181604e+00
4.544481447585280165e+00,4.620995686720045015e+00
4.207495251232332478e+00,4.662423837133734317e+00
3.916592033372004789e+00,3.962115046661167206e+00
4.026442412294588991e+00,3.930553337332844954e+00
4.084621935522796399e+00,3.795817825178459337e+00
3.916483054821486842e+00,3.849238334922424620e+00
4.061696973387302734e+00,3.687192980453126268e+00
4.920046024124125950e+00,5.980606174383177098e+00
3.586417009775273890e+00,5.878413564593227392e+00
4.441402732938877662e+00,5.612361717772299308e+00
4.419389065734153021e+00,5.585324398554943670e+00
4.589871013876208217e+00,5.272299366634741524e+00
4.748801239477256075e+00,4.902023015088849078e+00
4.620929900773962373e+00,5.018130857695632940e+00
4.163086491896068608e+00,4.801629228674857863e+00
4.223678565984320343e+00,4.791108658898751038e+00
4.137476532524236639e+00,4.813839630902050359e+00
4.125107467040393772e+00,4.792689469901378452e+00
4.148810301778153686e+00,4.730874308626217939e+00
4.239752902185790262e+00,4.780533578398414640e+00
4.268632218073174833e+00,4.804082211265143343e+00
4.212998668033513638e+00,4.800320971293372985e+00
4.283601791788181679e+00,4.757748095670885746e+00
4.615589951798559021e+00,4.883340804293434090e+00
4.672367776618664870e+00,4.727058557930220672e+00
4.648229027678831393e+00,4.853905013210024322e+00
4.587201039388506985e+00,4.757911627843571800e+00
4.545680211640982016e+00,4.847745301372199833e+00
4.629920631191732916e+00,4.869931166133214084e+00
4.646376392320017423e+00,4.766851386617052100e+00
4.648555963330385232e+00,4.882032546911950099e+00
4.735614834864525946e+00,4.750498169348490229e+00
4.723409237206460887e+00,4.831337573379411054e+00
4.709568961290618638e+00,4.745810247064836673e+00
4.769997567553091677e+00,4.732237076731930614e+00
4.704229012315215286e+00,4.787456440375438049e+00
4.806505381976767133e+00,4.793071044970977468e+00
4.934049767865746006e+00,4.783586178955212986e+00
4.787216178535004474e+00,4.613800271121878183e+00
4.522140844728999909e+00,4.610911202737765890e+00
4.622510089756479701e+00,4.555037710403516016e+00
4.586874103736951369e+00,4.573407824468533001e+00
4.613464870063450185e+00,4.612328481567708138e+00
4.448159403071020535e+00,4.571227395499390944e+00
4.391817492452988247e+00,4.541955136588667230e+00
4.302618548853648583e+00,4.582892690484298370e+00
4.358361077443829501e+00,4.533560485057472889e+00
4.445271471482282521e+00,4.654737825017509323e+00
4.477038718958405994e+00,4.622794540619587167e+00
4.363864494245009773e+00,4.567030069733793773e+00
4.433174852374735408e+00,4.631570767220381413e+00
4.376560495380407367e+00,4.566430451767280019e+00
4.248307718401487243e+00,4.650867563597283372e+00
4.230871150318536777e+00,4.670654956492242604e+00
4.201446941678559810e+00,4.677850372090410325e+00
4.102930332009892211e+00,3.807374098714908950e+00
4.127995398629132673e+00,3.736455646493582972e+00
4.136822661221127184e+00,3.809609038408279247e+00
4.045786105011612399e+00,3.792438160276289771e+00
4.035760078363916037e+00,3.729096698722729641e+00
3.957404500541159997e+00,3.761748622535623809e+00
4.008787887110601744e+00,3.840680151218544669e+00
3.990479490623505043e+00,3.759895257911852973e+00
4.107071516929592825e+00,3.259477262661746977e+00
4.265417350832881205e+00,5.359992062732731100e+00
3.245888962856144033e+00,5.105333018322733452e+00
3.568980441692323868e+00,4.919466446841980201e+00
3.558790947218850143e+00,5.032957774685794305e+00
3.313440671940508953e+00,4.672562831840241238e+00
4.357816184691237105e+00,4.342079308981181107e+00
4.910237954577468145e+00,4.179434306021785339e+00
4.477420143885220583e+00,4.282296042641033473e+00
4.737031556021264578e+00,3.978795328275098964e+00
5.196727602164944670e+00,3.751609627829116000e+00
5.262005753925487639e+00,3.806938012921079917e+00
4.152842508147336353e+00,3.857360432832476871e+00
4.227438325977205480e+00,3.792601692448975825e+00
4.162923024070291689e+00,3.746376598303176042e+00
2.164624378568579033e+00,3.761585090362938200e+00
4.736650131094449101e+00,3.372135992550742589e+00
3.720009720473811399e+00,3.344281012469959791e+00
5.150847632396682307e+00,3.230804621717537017e+00
5.849627549861813769e+00,5.754946774215592420e+00
4.760352965832209904e+00,5.882556379634596766e+00
4.728422250530307736e+00,5.859607364734382706e+00
4.932578557433745736e+00,5.670034064006089558e+00
4.970012689536829065e+00,5.675103561359343018e+00
4.093285730289011326e+00,5.414230233340124876e+00
4.001431834950608390e+00,5.410359971919898925e+00
4.207876676159147067e+00,5.258235599783778191e+00
4.072431360613369300e+00,4.814766313213935334e+00
3.513074445276366031e+00,5.308642960509448727e+00
3.068650342674972276e+00,5.150086322914361858e+00
3.171020698649977820e+00,5.154610713025330249e+00
3.250847486904731909e+00,5.127246329462605168e+00
3.559662775622997710e+00,5.284019172343876747e+00
2.971659432713563920e+00,4.923173176089521874e+00
3.886350485603139226e+00,5.674612964841286633e+00
4.171150904634433942e+00,5.326086392262581626e+00
4.714418506788689456e+00,3.253154018651236434e+00
4.655639569114084608e+00,5.743445011403371936e+00
4.897868889093624389e+00,5.433636051165484204e+00
4.802146239956032403e+00,5.169383119291263817e+00
4.539958837738764075e+00,5.057596622037094036e+00
4.603765779067309438e+00,4.799666842602631434e+00
4.874834933151828587e+00,4.677032711226980943e+00
4.716053185046466645e+00,5.918736502383787013e+00
2.815453672782450845e+00,5.606420048831386893e+00
4.614881591220189705e+00,5.212882677225636030e+00
4.971211453592531804e+00,5.189497576531594270e+00
4.388384668111658726e+00,5.029850663404768163e+00
5.342634889072065185e+00,4.309100320822915720e+00
3.529911631331463795e+00,4.296632363113138453e+00
2.696067670689504148e+00,4.112549647393370478e+00
3.913431655406970577e+00,4.034559799160891913e+00
4.192183764884491737e+00,3.866681766675557075e+00
4.210110736444774737e+00,3.864228784085272039e+00
2.630750021890766011e+00,3.890339420990740926e+00
5.783695526798159570e+00,3.314736199938093097e+00
5.694115158272005317e+00,3.314954242835007836e+00
2.812347784092676051e+00,3.137591283286739863e+00
5.693406797693635113e+00,3.294309615443782313e+00
5.377399046687445505e+00,2.832415734608277003e+00
4.596464216182574170e+00,2.034929443069124044e+00
5.655333847547654003e+00,2.039290301007406825e+00
5.767839147697726432e+00,1.847427549861514695e+00
3.998652881912387880e+00,1.861273273815563956e+00
5.264294303486374282e+00,5.348544810644738412e+00
3.571922862556320855e+00,5.387792532089284769e+00
2.963050127222607522e+00,4.798576628118060405e+00
4.635315069442397018e+00,4.599736504270915738e+00
3.568435548939731028e+00,4.578259278924871722e+00
2.548580194799864973e+00,4.470343043090928781e+00
2.985663176455183088e+00,4.394082539895205031e+00
3.231558283462968806e+00,4.420738284042958988e+00
4.956717306373580989e+00,4.192680412009319291e+00
3.933592687252880804e+00,4.234762691113749256e+00
3.300635692254592968e+00,4.213121933595020963e+00
3.254280311246064095e+00,4.120344680958051065e+00
2.557135011015562842e+00,4.143130163685579959e+00
2.619198295535812182e+00,3.933660448613871097e+00
2.821501982336223957e+00,3.991550837744576974e+00
4.641744803922984275e+00,3.965767265184479307e+00
4.586874103736951369e+00,3.937912285103696064e+00
5.120824041728853970e+00,4.073971052778124324e+00
3.255751521678062144e+00,3.823945358880383782e+00
2.771480827648260981e+00,3.829123877682095056e+00
3.232375622591857844e+00,3.672148020566051052e+00
4.269013642999990310e+00,3.529057369466142458e+00
4.387240393331214072e+00,3.583132007900850180e+00
5.012841259890575607e+00,3.617964360682885960e+00
5.871859174167574302e+00,3.406368727366264171e+00
5.224353664721368418e+00,3.315281307180379056e+00
5.010498221054428214e+00,3.394103814414842546e+00
4.731037735742750883e+00,3.320296293809403831e+00
3.702137238188787371e+00,3.415744571933572171e+00
2.784449275159956105e+00,3.391868874721472693e+00
4.231634000172165955e+00,3.222191927289427937e+00
4.994042459926143707e+00,3.281881170319675078e+00
3.207909938000468753e+00,5.763395936471016334e+00
4.079178456924400287e+00,5.436743162446510347e+00
2.988605597319180962e+00,5.177014620683258350e+00
3.538684404648198445e+00,5.172926316366117661e+00
3.575192219071874788e+00,5.062611608666117924e+00
3.603090728004593846e+00,4.764779979096367413e+00
4.757301566417694083e+00,4.829865783825240122e+00
5.046515632000772023e+00,4.506359633667432973e+00
3.013561685387902589e+00,4.695784400361596944e+00
2.811366977138009204e+00,4.327361413439475335e+00
3.550127152452634327e+00,4.291226254348379676e+00
5.362904899468495579e+00,4.317113397284511045e+00
4.122001578350618978e+00,4.128303246695417705e+00
3.585436202820607932e+00,4.267196572029728685e+00
3.133314120170598738e+00,4.190499983040177234e+00
2.811149020036972423e+00,4.203091960336969635e+00
2.425885461199464910e+00,4.074407138571952025e+00
3.984104245418177204e+00,3.995639142061716775e+00
5.161799976723785655e+00,4.079531146649435058e+00
5.356584143538425380e+00,3.992259477159548098e+00
3.800599358582195109e+00,3.775866900110814939e+00
2.938366485530181205e+00,3.775921410835043179e+00
2.577132575035694817e+00,3.789821645513320014e+00
5.199724512304201518e+00,3.319206079324833691e+00
3.441163533148116294e+00,3.402880041015636792e+00
5.695586368704003810e+00,3.276375587172593029e+00
4.221390016423432812e+00,6.071639083844833529e+00
3.360464916489214193e+00,5.380324562869975402e+00
3.304231984421700741e+00,5.099663903002965348e+00
3.327226458581091784e+00,5.118851677931410826e+00
3.458545611955806898e+00,5.251258227082526098e+00
3.510622427889701136e+00,5.275570010088452833e+00
3.616059175516288082e+00,5.237903099646534777e+00
4.255173367084148062e+00,4.978338029008800625e+00
2.970624136483638544e+00,5.023527419394256732e+00
2.971659432713563920e+00,4.942360951017967352e+00
2.643772958677720109e+00,4.729784094141646911e+00
2.759438697815974617e+00,4.833790555969694758e+00
3.048816246480616332e+00,4.787292908202752884e+00
3.252264208061472317e+00,4.788982740653836778e+00
3.213140908425353715e+00,4.756330816840944387e+00
3.383077965721789759e+00,4.807189322546168597e+00
3.452224856025737587e+00,4.872602191620412526e+00
3.806211753933894215e+00,4.831228551930953685e+00
4.188641961992642493e+00,4.828503015719526559e+00
4.372146864084410112e+00,4.716919563223712863e+00
4.661469921566820496e+00,4.642745465687231565e+00
3.997617585682463837e+00,4.637239882540149516e+00
3.736683438703131799e+00,4.633587664016837415e+00
3.191508666147444107e+00,4.574934124746931730e+00
2.865747273846708687e+00,4.609057838113995942e+00
2.670963107032069406e+00,4.646016109140943762e+00
2.442777136529822535e+00,4.392665261065262783e+00
3.427432235782793324e+00,4.334992914831471644e+00
3.309898869048660153e+00,4.494600315372625943e+00
3.405908972055402106e+00,4.405257238362055183e+00
4.415465837915490077e+00,4.413433846996334786e+00
5.256502337124306479e+00,4.427225060226155584e+00
5.219286162122260819e+00,4.478683183897894438e+00
5.142183837630467380e+00,4.405475281258969034e+00
5.300296722195652954e+00,4.296414320216224603e+00
5.000635662232511436e+00,4.099249030681606953e+00
4.798713415614699329e+00,4.134244915636328344e+00
3.883477546251465906e+00,4.165479560619280264e+00
3.760549741266669521e+00,4.185103421341553442e+00
3.293007193718302084e+00,4.119090934300794871e+00
3.123397072073420766e+00,4.126286349898961703e+00
3.024840965366560219e+00,4.250189226070425264e+00
2.947139258846916299e+00,4.208488522035594315e+00
2.760419504770640131e+00,4.220807945711244180e+00
2.544384520604904942e+00,4.112822201014513901e+00
2.055170416809875000e+00,4.185375974962695089e+00
2.391284771409861065e+00,3.944017486217293200e+00
2.525967145567289851e+00,4.072771816845095927e+00
3.043367318954695033e+00,3.954483545269171785e+00
3.380734926885644143e+00,4.009103290946165465e+00
3.749978821866381207e+00,4.017825006822731027e+00
3.761857483872891095e+00,4.069555684115612415e+00
3.765235818938962087e+00,3.904878786221203324e+00
3.926509081469183204e+00,4.071681602360525787e+00
4.026932815771921526e+00,4.072117688154353488e+00
4.458239918993974982e+00,3.926519543739932949e+00
4.842631771473629776e+00,4.052875402501680213e+00
5.064769539212609750e+00,4.006922861977023409e+00
5.257592122629491271e+00,3.949196005019004030e+00
5.347811370221690730e+00,3.827706598852153697e+00
5.146488490375944913e+00,3.829123877682095056e+00
5.159892852089713600e+00,3.745613448163977122e+00
4.959387280861282221e+00,3.882980473219888928e+00
4.301746720449500572e+00,3.846676330883683992e+00
4.463198443042564634e+00,3.763383944262479908e+00
4.251359117816002176e+00,3.713888206662968816e+00
3.989607662219357920e+00,3.772541745932873614e+00
3.961273239084563969e+00,3.744250680058263114e+00
3.852146212977415995e+00,3.745449915991291068e+00
3.629953940707388860e+00,3.798216297044513912e+00
2.924689677440117208e+00,3.603300975865409761e+00
2.968281097647492039e+00,3.684303912069014864e+00
3.384930601080604173e+00,3.585094393973077942e+00
3.348422786656927386e+00,3.514666538269808349e+00
3.574483858493504584e+00,3.560237503724865693e+00
3.673381893088985439e+00,3.584876351076164092e+00
3.709711247449818838e+00,3.666969501764339778e+00
3.859011861660076814e+00,3.534181377543625047e+00
4.044532851680649799e+00,3.611150520154319032e+00
4.061315548460489033e+00,3.650725305944236165e+00
4.141236292517122664e+00,3.608097919597521130e+00
4.125107467040393772e+00,3.516955988687408219e+00
4.231361553795870201e+00,3.632300681154991828e+00
4.114700015465883709e+00,3.589182698290218188e+00
4.270757299808284557e+00,3.559474353585664996e+00
4.237409863349642869e+00,3.629302591322420835e+00
4.468156967091154286e+00,3.628212376837849806e+00
4.637767086829060581e+00,3.600030332411697120e+00
4.523067162408406006e+00,3.589509762635589407e+00
4.576684609263477199e+00,3.536252785064309734e+00
4.646158435218980642e+00,3.638187839371672894e+00
4.568838153626150422e+00,3.645982872936353480e+00
5.203157336645531927e+00,3.519354460553462349e+00
5.152863735581274085e+00,3.678580286025017632e+00
5.165559736716671679e+00,3.524860043700544843e+00
5.411563822274977120e+00,3.661681961514172023e+00
5.402082688379872266e+00,3.502074560973016837e+00
5.854313627534105891e+00,3.412364907031402605e+00
5.837476441479006795e+00,3.371372842411543225e+00
5.690954780306970662e+00,3.329399584755570185e+00
5.510010950431318832e+00,3.469710188919823857e+00
5.240428000922838336e+00,3.368647306200116542e+00
5.134337381993140603e+00,3.486499491982212540e+00
5.224626111097665060e+00,3.404188298397122114e+00
5.000308726580955820e+00,3.314082071247351546e+00
4.850314759285179633e+00,3.500884872106122980e+00
4.840288732637483271e+00,3.362106019292692149e+00
4.430777324263329930e+00,3.448069431401094231e+00
3.884388871693807310e+00,3.385545630710962595e+00
3.212323569296465564e+00,3.384673459123306305e+00
3.750523714618972715e+00,3.247266860434554925e+00
3.827353592734470844e+00,3.197989165731957684e+00
3.952663933593608014e+00,3.208945821301893098e+00
4.762968451044652163e+00,3.125271859611089997e+00
5.393037468686841862e+00,3.234947436758905059e+00
5.547880996736474835e+00,3.271360600543568253e+00
5.541069837329072101e+00,3.215814172554689154e+00
5.692752926390524770e+00,3.161466980498838453e+00
5.104749705527384052e+00,2.952542372669414217e+00
4.661796857218376111e+00,3.038614806226274112e+00
4.471426323606705999e+00,2.937115837712739541e+00
3.919044050758670128e+00,3.072356944523737976e+00
3.671638236280689416e+00,3.047282011378611433e+00
3.451026091970034404e+00,2.909860475598470497e+00
3.249757701399548004e+00,2.799709300071155926e+00
4.731909564146897118e+00,2.714781591723096188e+00
4.848952527403699087e+00,2.808758080293092707e+00
4.779315233622417836e+00,2.781339186006138942e+00
5.229639124421511909e+00,2.794857845614816316e+00
4.821489932673053147e+00,2.369322617839745071e+00
5.842489454802856308e+00,2.423615299171367976e+00
5.122567698537148217e+00,2.285718287106063951e+00
5.210840324457081785e+00,2.026589302262157055e+00
4.705918179848251448e+00,5.978262213241349876e+00
5.176730038144810919e+00,5.912304236924820877e+00
4.150390490760671902e+00,5.399730380695333842e+00
4.652806126800605568e+00,5.151721644641218845e+00
3.867239742224218180e+00,4.991856688617478000e+00
3.564839256772624143e+00,5.002595301290499563e+00
3.312568843536360941e+00,4.951137177618760710e+00
3.370218496760614357e+00,5.027724745159853903e+00
3.003535658740206671e+00,4.927697566200489376e+00
2.854903908070124618e+00,4.727767197345190908e+00
3.036556159547292744e+00,4.714521091357656957e+00
3.053665791978687150e+00,4.728094261690562128e+00
2.934933661188850795e+00,4.829320676582954164e+00
3.003317701639169002e+00,4.786747800960467814e+00
3.115114702234019983e+00,4.869985676857442769e+00
4.773321413343904140e+00,4.837660817389921597e+00
5.241735743529059022e+00,4.878870924906694384e+00
5.128616008090920886e+00,4.618052107611704038e+00
5.054798001840173249e+00,4.603770297863827743e+00
4.721066198370314382e+00,4.644380787414088552e+00
4.502797152011977388e+00,4.603170679897313988e+00
4.417754387476375832e+00,4.520205357621482456e+00
4.004537723640383184e+00,4.560270739929456418e+00
3.899809336592166442e+00,4.585999801765325401e+00
3.911687998598674998e+00,4.679594715265722904e+00
3.219189217979128159e+00,4.563377851210481673e+00
2.591190808052572958e+00,4.380127794492699067e+00
2.714539535002378656e+00,4.368353478059335160e+00
3.578788511238983006e+00,4.322291916086221875e+00
3.606959466547999149e+00,4.383016862876812247e+00
3.609738419586217884e+00,4.439271930280662026e+00
4.260186380407996687e+00,4.435837754654263776e+00
4.201174495302262279e+00,4.350473960512376337e+00
4.458512365370271624e+00,4.375330850760588142e+00
4.622019686279147166e+00,4.372278250203789796e+00
5.041121193750109697e+00,4.418884919419189039e+00
5.029351510294118199e+00,4.445758706463857735e+00
5.126436437080553077e+00,4.411198907302965821e+00
5.428237540504297520e+00,4.098485880542408033e+00
5.210785835181822812e+00,4.134135894187871862e+00
4.917539517462202525e+00,4.207725371896394506e+00
4.712020978677283090e+00,4.130701718561473612e+00
4.404241047212090088e+00,4.255313234147907409e+00
4.405875725469866389e+00,4.231601069108493540e+00
3.950320894757460621e+00,4.259128984843905563e+00
3.568163102563436162e+00,4.283822342919433090e+00
3.139471408274890685e+00,4.120944298924565707e+00
3.199137164683734547e+00,4.193552583596976469e+00
2.841880971283172297e+00,4.177199366328414598e+00
2.530707712514841834e+00,4.170549057972533724e+00
2.865147891818857762e+00,4.045789008351970750e+00
3.964270149223820816e+00,4.009321333843080204e+00
3.930759244939400876e+00,4.021259182449129277e+00
3.902206864703571032e+00,4.076260503195721085e+00
4.109360066490480357e+00,3.936822070619125924e+00
4.798931372715736998e+00,3.987789597772807948e+00
5.054525555463876607e+00,3.938511903070209819e+00
4.943040498283517437e+00,3.975361152648701601e+00
5.010443731779169241e+00,3.968056715602076956e+00
5.425948990943410877e+00,4.058435496372990947e+00
5.320185307665267871e+00,3.900532926421477864e+00
4.764439661476652432e+00,3.833702778517292131e+00
4.163140981171329358e+00,3.874858375309837122e+00
3.977129618184996662e+00,3.775921410835043179e+00
2.596748714129014424e+00,3.818167222112159198e+00
2.435584552195606101e+00,3.836646357625632664e+00
2.516431522396926468e+00,3.635571324608703137e+00
3.404437761623404057e+00,3.700439086440661107e+00
3.553668955344484015e+00,3.647781726835895189e+00
3.756953449099560860e+00,3.647945259008580798e+00
4.868732134322795169e+00,3.607825365976377707e+00
4.911600186458946915e+00,3.631046934497735190e+00
3.755918152869635929e+00,3.470582360507480146e+00
3.410649539002954089e+00,3.394648921657128504e+00
3.451897920374181972e+00,3.198915848043842658e+00
5.248710370762238675e+00,3.182562630775281676e+00
5.446763894092431890e+00,3.137645794010968103e+00
5.691717630160599839e+00,3.266727188984142050e+00
4.788850856792780775e+00,2.763677711356093081e+00
5.187627893196655293e+00,2.544559598095932795e+00
3.946179709837760896e+00,2.686396502538585196e+00
4.620003583094556276e+00,2.041797794321920101e+00
4.898250314020438978e+00,1.958178343355343909e+00
4.570581810434444670e+00,6.127116002970926623e+00
4.570854256810740424e+00,6.177865487227692576e+00
4.564533500880672001e+00,6.233466425940799915e+00
4.419498044284671856e+00,6.182880473856719128e+00
3.571922862556320855e+00,5.936888573551891035e+00
3.561079496779736786e+00,5.920044759765271891e+00
3.523209450474580340e+00,5.929802179402180684e+00
3.696851778488643880e+00,5.937488191518403902e+00
3.725186201623436943e+00,5.985839203909115724e+00
3.780601794562061801e+00,5.997886073963623055e+00
4.051997882391161987e+00,5.959674056279418153e+00
4.003556916685717226e+00,6.033699619781772050e+00
4.155240036258742720e+00,6.014348312680640518e+00
4.131046798043649382e+00,6.002192421177676707e+00
4.121293217772248774e+00,6.001865356832306375e+00
4.339017384726806981e+00,6.040622481758796347e+00
4.348661986447687866e+00,6.060736938999125023e+00
4.433719745127327805e+00,6.025523011147490671e+00
4.315042103612750424e+00,6.041004056828394475e+00
4.631500820174251132e+00,6.028630122428517701e+00
4.638311979581652977e+00,6.058501999305756058e+00
4.790158599399003236e+00,6.001320249590020417e+00
4.775936898556347288e+00,6.064389157522438012e+00
4.745913307888517174e+00,5.936561509206518927e+00
5.040412833171740381e+00,5.936343466309605077e+00
4.964999676212981328e+00,6.072129680362888138e+00
5.055124937491727977e+00,5.914048580100133456e+00
4.946745769001143600e+00,6.019962917276179937e+00
3.862935089478740203e+00,5.876287646348314908e+00
3.543207014494713203e+00,5.772117652347581895e+00
3.539828679428642211e+00,5.792613684657511364e+00
3.549582259700042375e+00,5.858353618077127400e+00
3.640579349382937036e+00,5.893404013756074811e+00
4.642398675226094618e+00,5.586796188109113714e+00
4.795280591273368032e+00,5.372311486408380965e+00
4.598698276468201840e+00,5.425950039049260099e+00
4.383371654787810101e+00,5.453205401163527810e+00
4.617606054983150798e+00,5.122449385730493354e+00
4.566876539716818506e+00,5.229508448115340435e+00
4.502742662736718415e+00,5.222749118311001304e+00
4.539250477160394759e+00,5.154174627231503436e+00
4.759644605253840588e+00,5.197183588647817487e+00
4.837782225975559847e+00,5.104951443253134435e+00
4.838381608003410328e+00,5.235177563435107650e+00
4.783347439991600503e+00,5.161151999932754642e+00
4.744169651080222039e+00,5.155755438234129961e+00
4.708697132886472403e+00,5.196638481405532417e+00
4.710604257520543570e+00,5.024726655327286018e+00
4.823669503683421844e+00,5.047839202400184355e+00
4.722809855178608629e+00,4.965200944469723154e+00
4.679763327723826194e+00,4.947484959095449497e+00
4.719976412865129589e+00,5.014478639172319951e+00
4.757846459170287368e+00,5.061194329836175676e+00
4.633898348285656610e+00,4.916522867733640112e+00
4.648283516954090366e+00,5.051436910199267771e+00
4.613682827164486966e+00,4.966345669678522867e+00
4.553581156553569542e+00,4.954244288899786852e+00
4.585620850405988769e+00,4.990548431235993121e+00
4.588835717646283285e+00,4.906874469545188688e+00
4.641526846821948382e+00,4.900769268431592884e+00
4.128267845005429315e+00,4.863062814880419360e+00
4.187388708661680781e+00,4.720244717401653745e+00
4.129902523263205616e+00,4.776390763357045266e+00
4.143633820628529030e+00,4.846927640508772228e+00
4.375688666976261132e+00,4.743084710853409547e+00
4.436662165991325679e+00,4.786965843857381664e+00
4.430286920785996507e+00,4.801356675053715328e+00
4.314497210860158027e+00,4.819999342739874848e+00
4.391817492452988247e+00,4.874728109865325898e+00
4.533692571083953737e+00,4.696532552362239876e+00
4.621856218453369358e+00,4.730220179935476388e+00
4.560555783786749195e+00,4.732182566007702818e+00
4.515002749670041560e+00,4.872820234517326377e+00
4.635750983644469692e+00,4.715447773669541931e+00
4.614391187742856282e+00,4.835371366972322171e+00
4.579245605200660485e+00,4.812585884244794165e+00
4.835657144240449234e+00,4.867587204991386862e+00
4.737794405874894643e+00,4.815965549146961955e+00
4.851077609138808810e+00,4.739650535227012185e+00
4.795226101998109947e+00,4.820217385636788698e+00
4.811954309502689320e+00,4.728584858208619401e+00
4.747493496871035390e+00,4.848126876441799737e+00
4.722809855178608629e+00,4.807843451236911037e+00
4.840016286261186629e+00,4.785057968509383031e+00
4.825685606868012734e+00,4.802501400262515041e+00
4.799966668945661930e+00,4.835207834799637006e+00
4.744714543832814435e+00,4.777699020738531033e+00
4.852112905368732854e+00,4.844965254436544022e+00
4.877613886190046877e+00,4.768977304861964583e+00
4.787706582012337897e+00,4.765379597062882056e+00
4.850314759285179633e+00,4.803210039677486165e+00
4.890730794034666928e+00,4.818745596082620430e+00
4.768580846396352158e+00,4.639256779336605518e+00
4.709568961290618638e+00,4.589488488115952336e+00
4.779533190723454616e+00,4.628191102318211847e+00
4.653895912305789473e+00,4.596138796471832322e+00
4.681140549935398631e+00,4.583328776278127847e+00
4.579354583751179320e+00,4.586326866110695732e+00
4.570690788984964392e+00,4.551930599122489873e+00
4.464724142749822988e+00,4.607804091456738860e+00
4.372092374809152027e+00,4.643726658723345224e+00
4.336020474587549245e+00,4.665530948414760459e+00
4.409363039086456659e+00,4.651412670839568442e+00
4.261385144463698538e+00,4.629444848975468929e+00
4.221716952074988427e+00,4.673871089221726116e+00
4.253920113753186349e+00,4.644162744517173813e+00
4.189949704598864955e+00,4.666675673623558396e+00
4.081134621906205240e+00,3.800342215289428172e+00
4.044696319506427606e+00,3.821328844117414025e+00
4.924132719768567590e+00,4.727331111551362319e+00
4.938681356262779154e+00,4.764016828957168492e+00
4.969249839683200776e+00,4.803101018229027908e+00
4.862738314044280585e+00,4.318585186838681977e+00
4.774193241748051264e+00,4.296087255870853383e+00
4.788251474764930293e+00,4.220535392090101645e+00
4.662832153448301931e+00,4.071954155981668322e+00
4.719867434314610755e+00,3.787695727268407087e+00
4.705700222747214667e+00,3.826561873643353984e+00
4.031182979242140973e+00,3.840898194115458963e+00
4.776536280584197769e+00,5.341076841425429045e+00
3.352672950127145057e+00,5.393679690305966723e+00
3.554322826647594358e+00,5.216752938645861981e+00
4.514512346192709913e+00,5.073568264236053338e+00
2.879681536076004189e+00,4.720571781747024076e+00
4.238608627405346496e+00,4.719699610159367786e+00
4.172186200864357986e+00,4.868186822957901505e+00
4.480907457501809965e+00,4.791381212519892685e+00
4.457259112039309912e+00,4.616961893127133010e+00
3.810952320881446198e+00,4.312152921379714954e+00
3.477780326122310584e+00,3.971381869780017837e+00
5.504888958556952261e+00,3.987789597772807948e+00
5.541832687182702166e+00,3.388761763440446551e+00
3.720391145400625543e+00,3.440601462181784864e+00
4.160035092481553676e+00,5.403382599218646831e+00
3.120291183383645084e+00,5.256654788781150778e+00
3.761312591120299142e+00,5.213972891710206170e+00
3.873124583952214373e+00,4.957351400180814771e+00
3.516125844690882296e+00,5.050128652817783781e+00
3.447484289078185604e+00,4.947593980543905978e+00
2.668729046746441291e+00,4.882196079084635265e+00
3.299981820951481737e+00,4.821689175190959631e+00
4.159435710453702306e+00,4.763526232439110331e+00
4.305016076965054062e+00,4.347802935025177895e+00
4.923424359190197386e+00,4.478029055207151110e+00
4.646866795797349958e+00,4.235525841252949064e+00
4.396176634473727418e+00,4.113639861877942394e+00
3.573612030089357017e+00,4.185703039308067197e+00
4.916013817754944171e+00,3.985881722424808871e+00
4.708969579262767269e+00,3.773740981865901567e+00
4.742916397749261215e+00,3.749592731032659998e+00
4.749727557156662172e+00,3.833048649826549692e+00
4.820073211516313627e+00,3.784697637435837869e+00
4.262692887069920111e+00,3.783552912227038156e+00
4.218774531210991441e+00,3.856924347038648726e+00
3.352890907228182282e+00,3.843460198154200036e+00
2.745489443349614866e+00,3.651433945359206845e+00
2.799542804406758734e+00,3.649199005665836992e+00
3.144920335800812428e+00,3.565470533250804763e+00
3.368420350677059805e+00,3.553859748990126466e+00
4.030147683012216042e+00,3.578771149962567399e+00
4.201392452403299949e+00,3.650343730874635817e+00
4.103257267661447827e+00,3.687738087695411782e+00
4.178724913895464965e+00,3.589509762635589407e+00
4.173003539993247912e+00,3.615729420989515219e+00
4.620984390049222235e+00,3.528457751499628259e+00
4.725588808216829584e+00,3.617473764164829131e+00
5.375927836255447900e+00,3.392850067757586796e+00
4.564969415082745563e+00,3.435913539898130864e+00
4.456387283635161900e+00,3.415253975415514898e+00
4.405603279093572411e+00,3.384128351881020347e+00
3.812641488414481472e+00,3.427409866918478709e+00
4.821544421948312120e+00,2.846315969286554726e+00
